dateComponents,activeEnergyBurned,activeEnergyBurnedGoal,activeEnergyBurnedUnit,appleMoveTime,appleMoveTimeGoal,appleExerciseTime,appleExerciseTimeGoal,appleStandHours,appleStandHoursGoal
1969-12-30,0,0,Cal,0,0,0,30,0,12
1969-12-31,0,0,Cal,0,0,0,30,0,12
2020-11-11,0,0,Cal,0,0,0,30,0,12
2020-11-12,0,0,Cal,0,0,0,30,0,12
2020-11-13,0,0,Cal,0,0,0,30,0,12
2021-05-13,0,0,Cal,0,0,0,30,0,12
2021-05-14,129.374,1000,Cal,0,0,13,30,2,12
2021-05-15,1008.47,500,Cal,0,0,99,30,15,12
2021-05-16,1065.04,500,Cal,0,0,56,30,15,10
2021-05-17,812.953,500,Cal,0,0,58,30,16,10
2021-05-18,913.985,500,Cal,0,0,52,30,17,10
2021-05-19,884.831,500,Cal,0,0,30,30,16,10
2021-05-20,905.002,500,Cal,0,0,52,30,16,10
2021-05-21,904.515,500,Cal,0,0,63,30,18,10
2021-05-22,760.311,500,Cal,0,0,19,30,16,10
2021-05-23,1020.15,500,Cal,0,0,89,30,15,10
2021-05-24,874.129,500,Cal,0,0,37,30,18,10
2021-05-25,775.498,500,Cal,0,0,30,30,17,10
2021-05-26,743.105,500,Cal,0,0,45,30,18,10
2021-05-27,774.373,500,Cal,0,0,23,30,17,10
2021-05-28,767.955,500,Cal,0,0,36,30,18,10
2021-05-29,611.048,500,Cal,0,0,31,30,15,10
2021-05-30,641.547,500,Cal,0,0,43,30,17,10
2021-05-31,1182.18,500,Cal,0,0,112,30,19,10
2021-06-01,794.278,500,Cal,0,0,43,30,16,10
2021-06-02,847.832,500,Cal,0,0,39,30,16,10
2021-06-03,777.207,500,Cal,0,0,32,30,16,10
2021-06-04,888.834,500,Cal,0,0,51,30,18,10
2021-06-05,734.19,500,Cal,0,0,25,30,18,10
2021-06-06,806.829,500,Cal,0,0,14,30,16,10
2021-06-07,1105.68,500,Cal,0,0,62,30,17,10
2021-06-08,827.233,500,Cal,0,0,43,30,17,10
2021-06-09,856.683,500,Cal,0,0,52,30,16,10
2021-06-10,822.841,500,Cal,0,0,22,30,17,10
2021-06-11,756.331,500,Cal,0,0,37,30,17,10
2021-06-12,931.081,500,Cal,0,0,55,30,18,10
2021-06-13,899.57,500,Cal,0,0,25,30,17,10
2021-06-14,1001.91,500,Cal,0,0,65,30,17,10
2021-06-15,843.421,500,Cal,0,0,43,30,19,10
2021-06-16,822.173,500,Cal,0,0,43,30,17,10
2021-06-17,791.2,500,Cal,0,0,41,30,15,10
2021-06-18,929.035,500,Cal,0,0,36,30,17,10
2021-06-19,880.156,500,Cal,0,0,38,30,20,10
2021-06-20,871.415,500,Cal,0,0,62,30,17,10
2021-06-21,901.185,500,Cal,0,0,42,30,19,10
2021-06-22,780.492,500,Cal,0,0,46,30,18,10
2021-06-23,787.741,500,Cal,0,0,49,30,17,10
2021-06-24,910.731,500,Cal,0,0,54,30,17,10
2021-06-25,908.605,500,Cal,0,0,62,30,19,10
2021-06-26,898.35,500,Cal,0,0,42,30,18,10
2021-06-27,877.949,500,Cal,0,0,57,30,18,10
2021-06-28,753.997,500,Cal,0,0,31,30,18,10
2021-06-29,711.784,500,Cal,0,0,40,30,19,10
2021-06-30,854.633,500,Cal,0,0,33,30,18,10
2021-07-01,746.738,500,Cal,0,0,38,30,17,10
2021-07-02,684.832,500,Cal,0,0,32,30,15,10
2021-07-03,807.489,500,Cal,0,0,44,30,15,10
2021-07-04,1297.8,500,Cal,0,0,108,30,17,10
2021-07-05,874.106,500,Cal,0,0,30,30,19,10
2021-07-06,674.06,500,Cal,0,0,31,30,17,10
2021-07-07,792.279,500,Cal,0,0,30,30,15,10
2021-07-08,831.614,500,Cal,0,0,34,30,19,10
2021-07-09,707.761,500,Cal,0,0,20,30,20,10
2021-07-10,983.38,500,Cal,0,0,47,30,18,10
2021-07-11,753.965,500,Cal,0,0,45,30,18,10
2021-07-12,971.913,500,Cal,0,0,32,30,18,10
2021-07-13,803.719,500,Cal,0,0,30,30,20,10
2021-07-14,781.221,500,Cal,0,0,17,30,18,10
2021-07-15,819.163,500,Cal,0,0,44,30,19,10
2021-07-16,802.231,500,Cal,0,0,20,30,20,10
2021-07-17,987.031,500,Cal,0,0,46,30,17,10
2021-07-18,1001.42,500,Cal,0,0,52,30,19,10
2021-07-19,712.2,500,Cal,0,0,27,30,18,10
2021-07-20,824.918,500,Cal,0,0,36,30,19,10
2021-07-21,818.132,500,Cal,0,0,23,30,17,10
2021-07-22,729.775,500,Cal,0,0,44,30,18,10
2021-07-23,795.188,500,Cal,0,0,28,30,18,10
2021-07-24,929.067,500,Cal,0,0,41,30,15,10
2021-07-25,842.65,500,Cal,0,0,68,30,18,10
2021-07-26,695.413,500,Cal,0,0,13,30,17,10
2021-07-27,889.006,500,Cal,0,0,67,30,17,10
2021-07-28,789.666,500,Cal,0,0,47,30,19,10
2021-07-29,816.513,500,Cal,0,0,68,30,19,10
2021-07-30,809.242,500,Cal,0,0,55,30,16,10
2021-07-31,1245.23,500,Cal,0,0,58,30,17,10
2021-08-01,927.612,500,Cal,0,0,60,30,20,10
2021-08-02,1074.35,500,Cal,0,0,42,30,20,10
2021-08-03,972.831,500,Cal,0,0,73,30,17,10
2021-08-04,837.049,500,Cal,0,0,35,30,17,10
2021-08-05,873.992,500,Cal,0,0,74,30,17,10
2021-08-06,811.016,500,Cal,0,0,29,30,17,10
2021-08-07,1053.53,500,Cal,0,0,47,30,19,10
2021-08-08,738.377,500,Cal,0,0,41,30,19,10
2021-08-09,1066.03,500,Cal,0,0,36,30,17,10
2021-08-10,930.659,500,Cal,0,0,66,30,19,10
2021-08-11,735.456,500,Cal,0,0,34,30,17,10
2021-08-12,805.878,500,Cal,0,0,32,30,15,10
2021-08-13,670.23,500,Cal,0,0,23,30,19,10
2021-08-14,1144.39,500,Cal,0,0,53,30,17,10
2021-08-15,835.318,500,Cal,0,0,18,30,16,10
2021-08-16,935.385,500,Cal,0,0,66,30,18,10
2021-08-17,800.232,500,Cal,0,0,25,30,18,10
2021-08-18,734.253,500,Cal,0,0,36,30,18,10
2021-08-19,669.055,500,Cal,0,0,24,30,16,10
2021-08-20,734.882,500,Cal,0,0,54,30,15,10
2021-08-21,861.194,500,Cal,0,0,51,30,16,10
2021-08-22,970.547,500,Cal,0,0,53,30,18,10
2021-08-23,795.43,500,Cal,0,0,49,30,18,10
2021-08-24,817.61,500,Cal,0,0,30,30,17,10
2021-08-25,779.433,500,Cal,0,0,47,30,16,10
2021-08-26,734.59,500,Cal,0,0,29,30,16,10
2021-08-27,721.694,500,Cal,0,0,24,30,16,10
2021-08-28,813.441,500,Cal,0,0,42,30,16,10
2021-08-29,733.188,500,Cal,0,0,54,30,18,10
2021-08-30,909.339,500,Cal,0,0,63,30,17,10
2021-08-31,765.697,500,Cal,0,0,48,30,16,10
2021-09-01,839.01,500,Cal,0,0,52,30,18,10
2021-09-02,819.393,500,Cal,0,0,50,30,18,10
2021-09-03,693.655,500,Cal,0,0,45,30,19,10
2021-09-04,930.267,500,Cal,0,0,66,30,18,10
2021-09-05,1148.52,500,Cal,0,0,107,30,14,10
2021-09-06,955.555,500,Cal,0,0,33,30,16,10
2021-09-07,783.372,500,Cal,0,0,55,30,17,10
2021-09-08,847.267,500,Cal,0,0,40,30,17,10
2021-09-09,777.197,500,Cal,0,0,42,30,19,10
2021-09-10,779.546,500,Cal,0,0,32,30,15,10
2021-09-11,1039.31,500,Cal,0,0,53,30,16,10
2021-09-12,919.425,500,Cal,0,0,78,30,19,10
2021-09-13,897.785,500,Cal,0,0,42,30,18,10
2021-09-14,670.1,500,Cal,0,0,25,30,18,10
2021-09-15,707.396,500,Cal,0,0,31,30,14,10
2021-09-16,741.432,500,Cal,0,0,28,30,18,10
2021-09-17,798.721,500,Cal,0,0,53,30,17,10
2021-09-18,1122.88,500,Cal,0,0,56,30,16,10
2021-09-19,708.904,500,Cal,0,0,49,30,17,10
2021-09-20,1019.8,500,Cal,0,0,83,30,19,10
2021-09-21,740.421,500,Cal,0,0,50,30,17,10
2021-09-22,767.926,500,Cal,0,0,23,30,19,10
2021-09-23,736.478,500,Cal,0,0,42,30,17,10
2021-09-24,756.506,500,Cal,0,0,46,30,19,10
2021-09-25,918.85,500,Cal,0,0,49,30,19,10
2021-09-26,723.442,500,Cal,0,0,19,30,18,10
2021-09-27,781.687,500,Cal,0,0,63,30,16,10
2021-09-28,714.075,500,Cal,0,0,38,30,16,10
2021-09-29,702.883,500,Cal,0,0,52,30,17,10
2021-09-30,756.463,500,Cal,0,0,45,30,16,10
2021-10-01,898.775,500,Cal,0,0,84,30,17,10
2021-10-02,856.278,500,Cal,0,0,47,30,16,10
2021-10-03,765.581,500,Cal,0,0,30,30,18,10
2021-10-04,769.852,500,Cal,0,0,63,30,15,10
2021-10-05,679.593,500,Cal,0,0,43,30,14,10
2021-10-06,799.978,500,Cal,0,0,59,30,19,10
2021-10-07,779.334,500,Cal,0,0,43,30,19,10
2021-10-08,667.953,500,Cal,0,0,40,30,18,10
2021-10-09,1106.41,500,Cal,0,0,108,30,15,10
2021-10-10,645.213,500,Cal,0,0,49,30,16,10
2021-10-11,755.455,500,Cal,0,0,49,30,15,10
2021-10-12,756.82,500,Cal,0,0,53,30,16,10
2021-10-13,780.85,500,Cal,0,0,41,30,16,10
2021-10-14,926.491,500,Cal,0,0,62,30,18,10
2021-10-15,804.762,500,Cal,0,0,58,30,15,10
2021-10-16,871.796,500,Cal,0,0,74,30,16,10
2021-10-17,850.473,500,Cal,0,0,82,30,15,10
2021-10-18,792.118,500,Cal,0,0,71,30,16,10
2021-10-19,644.435,500,Cal,0,0,50,30,16,10
2021-10-20,694.749,500,Cal,0,0,47,30,15,10
2021-10-21,1321.85,500,Cal,0,0,146,30,15,10
2021-10-22,1156.63,500,Cal,0,0,67,30,18,10
2021-10-23,1074.64,500,Cal,0,0,87,30,12,10
2021-10-24,577.157,500,Cal,0,0,22,30,13,10
2021-10-25,701.161,500,Cal,0,0,53,30,18,10
2021-10-26,723.819,500,Cal,0,0,44,30,15,10
2021-10-27,728.332,500,Cal,0,0,61,30,19,10
2021-10-28,935.502,500,Cal,0,0,85,30,16,10
2021-10-29,710.013,500,Cal,0,0,50,30,17,10
2021-10-30,947.469,500,Cal,0,0,70,30,14,10
2021-10-31,763.347,500,Cal,0,0,65,30,15,10
2021-11-01,846.212,500,Cal,0,0,68,30,17,10
2021-11-02,658.396,500,Cal,0,0,30,30,14,10
2021-11-03,704.952,500,Cal,0,0,66,30,15,10
2021-11-04,814.832,500,Cal,0,0,95,30,17,10
2021-11-05,777.017,500,Cal,0,0,73,30,15,10
2021-11-06,1028.92,500,Cal,0,0,110,30,14,10
2021-11-07,952.936,500,Cal,0,0,68,30,16,10
2021-11-08,761.867,500,Cal,0,0,67,30,15,10
2021-11-09,760.883,500,Cal,0,0,66,30,17,10
2021-11-10,670.846,500,Cal,0,0,48,30,16,10
2021-11-11,1025.14,500,Cal,0,0,116,30,16,10
2021-11-12,667.426,500,Cal,0,0,36,30,17,10
2021-11-13,1008.53,500,Cal,0,0,70,30,14,10
2021-11-14,799.678,500,Cal,0,0,28,30,17,10
2021-11-15,739.299,500,Cal,0,0,71,30,15,10
2021-11-16,724.166,500,Cal,0,0,51,30,18,10
2021-11-17,844.952,500,Cal,0,0,65,30,15,10
2021-11-18,918.324,500,Cal,0,0,62,30,17,10
2021-11-19,744.309,500,Cal,0,0,65,30,18,10
2021-11-20,930.609,500,Cal,0,0,65,30,18,10
2021-11-21,790.064,500,Cal,0,0,67,30,16,10
2021-11-22,612.774,500,Cal,0,0,40,30,13,10
2021-11-23,669.011,500,Cal,0,0,56,30,15,10
2021-11-24,664.854,500,Cal,0,0,33,30,18,10
2021-11-25,946.157,500,Cal,0,0,70,30,17,10
2021-11-26,973.378,500,Cal,0,0,100,30,16,10
2021-11-27,960.438,500,Cal,0,0,83,30,17,10
2021-11-28,678.633,500,Cal,0,0,39,30,17,10
2021-11-29,819.112,500,Cal,0,0,93,30,19,10
2021-11-30,685.409,500,Cal,0,0,53,30,14,10
2021-12-01,796.48,500,Cal,0,0,85,30,17,10
2021-12-02,804.226,500,Cal,0,0,60,30,17,10
2021-12-03,722.176,500,Cal,0,0,57,30,17,10
2021-12-04,977.334,500,Cal,0,0,78,30,17,10
2021-12-05,670.598,500,Cal,0,0,60,30,15,10
2021-12-06,904.706,500,Cal,0,0,78,30,16,10
2021-12-07,715.372,500,Cal,0,0,51,30,19,10
2021-12-08,762.179,500,Cal,0,0,69,30,15,10
2021-12-09,847.004,500,Cal,0,0,87,30,18,10
2021-12-10,781.646,500,Cal,0,0,48,30,16,10
2021-12-11,1047.16,500,Cal,0,0,97,30,18,10
2021-12-12,610.148,500,Cal,0,0,54,30,16,10
2021-12-13,651.721,500,Cal,0,0,54,30,17,10
2021-12-14,671.817,500,Cal,0,0,50,30,16,10
2021-12-15,821,500,Cal,0,0,77,30,18,10
2021-12-16,771.272,500,Cal,0,0,62,30,17,10
2021-12-17,770.557,500,Cal,0,0,65,30,15,10
2021-12-18,868.019,500,Cal,0,0,89,30,15,10
2021-12-19,657.706,500,Cal,0,0,36,30,16,10
2021-12-20,701.912,500,Cal,0,0,41,30,18,10
2021-12-21,813.979,500,Cal,0,0,74,30,18,10
2021-12-22,651.605,500,Cal,0,0,36,30,17,10
2021-12-23,763.071,500,Cal,0,0,71,30,17,10
2021-12-24,843.514,500,Cal,0,0,107,30,16,10
2021-12-25,795.713,500,Cal,0,0,68,30,15,10
2021-12-26,1219.81,500,Cal,0,0,145,30,16,10
2021-12-27,693.381,500,Cal,0,0,41,30,16,10
2021-12-28,1007.05,500,Cal,0,0,128,30,17,10
2021-12-29,613.177,500,Cal,0,0,56,30,14,10
2021-12-30,928.331,500,Cal,0,0,93,30,15,10
2021-12-31,814.236,500,Cal,0,0,93,30,17,10
2022-01-01,821.874,500,Cal,0,0,85,30,15,10
2022-01-02,654.095,500,Cal,0,0,74,30,15,10
2022-01-03,807.995,500,Cal,0,0,36,30,15,10
2022-01-04,439.313,500,Cal,0,0,2,30,15,10
2022-01-05,608.749,500,Cal,0,0,40,30,15,10
2022-01-06,650.14,500,Cal,0,0,44,30,18,10
2022-01-07,645.368,500,Cal,0,0,33,30,16,10
2022-01-08,780.047,500,Cal,0,0,64,30,13,10
2022-01-09,616.854,500,Cal,0,0,31,30,16,10
2022-01-10,648.906,500,Cal,0,0,39,30,17,10
2022-01-11,626.198,500,Cal,0,0,33,30,16,10
2022-01-12,633.97,500,Cal,0,0,57,30,17,10
2022-01-13,631.496,500,Cal,0,0,53,30,16,10
2022-01-14,640.764,500,Cal,0,0,53,30,17,10
2022-01-15,809.872,500,Cal,0,0,49,30,17,10
2022-01-16,568.513,500,Cal,0,0,26,30,16,10
2022-01-17,840.487,500,Cal,0,0,98,30,16,10
2022-01-18,632.796,500,Cal,0,0,49,30,17,10
2022-01-19,841.151,500,Cal,0,0,96,30,17,10
2022-01-20,694.21,500,Cal,0,0,43,30,14,10
2022-01-21,633.119,500,Cal,0,0,24,30,16,10
2022-01-22,799.207,500,Cal,0,0,52,30,15,10
2022-01-23,614.037,500,Cal,0,0,27,30,16,10
2022-01-24,761.462,500,Cal,0,0,68,30,15,10
2022-01-25,789.081,500,Cal,0,0,67,30,12,10
2022-01-26,651.713,500,Cal,0,0,39,30,17,10
2022-01-27,758.916,500,Cal,0,0,57,30,17,10
2022-01-28,874.334,500,Cal,0,0,96,30,17,10
2022-01-29,881.646,500,Cal,0,0,59,30,16,10
2022-01-30,681.02,500,Cal,0,0,17,30,15,10
2022-01-31,663.731,500,Cal,0,0,26,30,15,10
2022-02-01,753.193,500,Cal,0,0,61,30,16,10
2022-02-02,678.471,500,Cal,0,0,48,30,17,10
2022-02-03,710.543,500,Cal,0,0,68,30,18,10
2022-02-04,668.338,500,Cal,0,0,33,30,14,10
2022-02-05,696.699,500,Cal,0,0,56,30,14,10
2022-02-06,606.268,500,Cal,0,0,51,30,16,10
2022-02-07,655.03,500,Cal,0,0,35,30,16,10
2022-02-08,787.747,500,Cal,0,0,65,30,13,10
2022-02-09,805.551,500,Cal,0,0,66,30,16,10
2022-02-10,803.311,500,Cal,0,0,91,30,15,10
2022-02-11,757.476,500,Cal,0,0,70,30,16,10
2022-02-12,1361.58,500,Cal,0,0,167,30,16,10
2022-02-13,642.525,500,Cal,0,0,25,30,17,10
2022-02-14,662.335,500,Cal,0,0,38,30,16,10
2022-02-15,768.841,500,Cal,0,0,66,30,17,10
2022-02-16,822.921,500,Cal,0,0,75,30,15,10
2022-02-17,793.878,500,Cal,0,0,65,30,17,10
2022-02-18,740.013,500,Cal,0,0,67,30,16,10
2022-02-19,755.203,500,Cal,0,0,59,30,16,10
2022-02-20,774.849,500,Cal,0,0,52,30,15,10
2022-02-21,1039.4,500,Cal,0,0,126,30,14,10
2022-02-22,738.444,500,Cal,0,0,60,30,17,10
2022-02-23,772.53,500,Cal,0,0,68,30,16,10
2022-02-24,746.418,500,Cal,0,0,60,30,16,10
2022-02-25,665.929,500,Cal,0,0,38,30,15,10
2022-02-26,968.692,500,Cal,0,0,75,30,17,10
2022-02-27,662.595,500,Cal,0,0,48,30,14,10
2022-02-28,762.309,500,Cal,0,0,80,30,15,10
2022-03-01,935.274,500,Cal,0,0,70,30,16,10
2022-03-02,635.579,500,Cal,0,0,31,30,17,10
2022-03-03,821.047,500,Cal,0,0,60,30,17,10
2022-03-04,737.021,500,Cal,0,0,46,30,19,10
2022-03-05,926.061,500,Cal,0,0,78,30,18,10
2022-03-06,716.935,500,Cal,0,0,51,30,15,10
2022-03-07,811.985,500,Cal,0,0,71,30,16,10
2022-03-08,728.597,500,Cal,0,0,61,30,15,10
2022-03-09,668.987,500,Cal,0,0,50,30,15,10
2022-03-10,755.178,500,Cal,0,0,66,30,19,10
2022-03-11,811.889,500,Cal,0,0,70,30,15,10
2022-03-12,723.296,500,Cal,0,0,31,30,15,10
2022-03-13,590.116,500,Cal,0,0,51,30,14,10
2022-03-14,746.303,500,Cal,0,0,77,30,15,10
2022-03-15,634.354,500,Cal,0,0,54,30,15,10
2022-03-16,739.632,500,Cal,0,0,67,30,16,10
2022-03-17,827.979,500,Cal,0,0,75,30,14,10
2022-03-18,840.496,500,Cal,0,0,52,30,16,10
2022-03-19,722.172,500,Cal,0,0,52,30,14,10
2022-03-20,791.938,500,Cal,0,0,40,30,17,10
2022-03-21,857.915,500,Cal,0,0,97,30,14,10
2022-03-22,775.504,500,Cal,0,0,47,30,16,10
2022-03-23,685.902,500,Cal,0,0,46,30,15,10
2022-03-24,642.462,500,Cal,0,0,41,30,16,10
2022-03-25,806.218,500,Cal,0,0,63,30,16,10
2022-03-26,926.797,500,Cal,0,0,61,30,16,10
2022-03-27,736.293,500,Cal,0,0,50,30,17,10
2022-03-28,769.804,500,Cal,0,0,60,30,15,10
2022-03-29,795.947,500,Cal,0,0,58,30,17,10
2022-03-30,953.295,500,Cal,0,0,70,30,16,10
2022-03-31,733.945,500,Cal,0,0,58,30,16,10
2022-04-01,755.418,500,Cal,0,0,62,30,15,10
2022-04-02,1032.69,500,Cal,0,0,118,30,17,10
2022-04-03,858.923,500,Cal,0,0,56,30,15,10
2022-04-04,993.2,500,Cal,0,0,99,30,15,10
2022-04-05,759.825,500,Cal,0,0,65,30,18,10
2022-04-06,853.287,500,Cal,0,0,76,30,16,10
2022-04-07,768.268,500,Cal,0,0,65,30,14,10
2022-04-08,806.041,500,Cal,0,0,67,30,14,10
2022-04-09,910.476,500,Cal,0,0,86,30,17,10
2022-04-10,893.215,500,Cal,0,0,65,30,16,10
2022-04-11,718.192,500,Cal,0,0,51,30,17,10
2022-04-12,814.982,500,Cal,0,0,53,30,14,10
2022-04-13,859.101,500,Cal,0,0,90,30,18,10
2022-04-14,822.37,500,Cal,0,0,65,30,16,10
2022-04-15,1162.32,500,Cal,0,0,113,30,17,10
2022-04-16,1067.14,500,Cal,0,0,77,30,16,10
2022-04-17,960.287,500,Cal,0,0,79,30,17,10
2022-04-18,984.714,500,Cal,0,0,112,30,15,10
2022-04-19,803.647,500,Cal,0,0,68,30,16,10
2022-04-20,880.144,500,Cal,0,0,77,30,13,10
2022-04-21,847.221,500,Cal,0,0,63,30,15,10
2022-04-22,1083.43,500,Cal,0,0,81,30,18,10
2022-04-23,1055.97,500,Cal,0,0,73,30,17,10
2022-04-24,1069.26,500,Cal,0,0,88,30,16,10
2022-04-25,824.387,500,Cal,0,0,86,30,17,10
2022-04-26,796.648,500,Cal,0,0,66,30,14,10
2022-04-27,796.794,500,Cal,0,0,66,30,16,10
2022-04-28,699.607,500,Cal,0,0,61,30,17,10
2022-04-29,970.62,500,Cal,0,0,101,30,16,10
2022-04-30,953.366,500,Cal,0,0,57,30,16,10
2022-05-01,883.94,500,Cal,0,0,77,30,16,10
2022-05-02,921.131,500,Cal,0,0,87,30,14,10
2022-05-03,768.423,500,Cal,0,0,66,30,16,10
2022-05-04,785.611,500,Cal,0,0,76,30,16,10
2022-05-05,883.752,500,Cal,0,0,58,30,17,10
2022-05-06,685.229,500,Cal,0,0,36,30,15,10
2022-05-07,784.668,500,Cal,0,0,64,30,16,10
2022-05-08,823.112,500,Cal,0,0,77,30,15,10
2022-05-09,910.292,500,Cal,0,0,101,30,16,10
2022-05-10,772.607,500,Cal,0,0,57,30,15,10
2022-05-11,822.415,500,Cal,0,0,82,30,17,10
2022-05-12,711.587,500,Cal,0,0,56,30,16,10
2022-05-13,851.829,500,Cal,0,0,67,30,16,10
2022-05-14,885.968,500,Cal,0,0,78,30,17,10
2022-05-15,1127.25,500,Cal,0,0,103,30,17,10
2022-05-16,854.565,500,Cal,0,0,85,30,16,10
2022-05-17,803.173,500,Cal,0,0,63,30,18,10
2022-05-18,781.435,500,Cal,0,0,80,30,17,10
2022-05-19,813.64,500,Cal,0,0,60,30,16,10
2022-05-20,1071.91,500,Cal,0,0,69,30,19,10
2022-05-21,1387.54,500,Cal,0,0,157,30,18,10
2022-05-22,921.407,500,Cal,0,0,86,30,18,10
2022-05-23,960.964,500,Cal,0,0,91,30,16,10
2022-05-24,756.89,500,Cal,0,0,54,30,16,10
2022-05-25,783.628,500,Cal,0,0,70,30,15,10
2022-05-26,711.224,500,Cal,0,0,56,30,16,10
2022-05-27,920.129,500,Cal,0,0,99,30,15,10
2022-05-28,1429.47,500,Cal,0,0,148,30,17,10
2022-05-29,1021.34,500,Cal,0,0,79,30,15,10
2022-05-30,923.244,500,Cal,0,0,65,30,18,10
2022-05-31,803.374,500,Cal,0,0,49,30,18,10
2022-06-01,874.093,500,Cal,0,0,97,30,17,10
2022-06-02,781.305,500,Cal,0,0,40,30,18,10
2022-06-03,1210.78,500,Cal,0,0,121,30,18,10
2022-06-04,1139.48,500,Cal,0,0,82,30,19,10
2022-06-05,1065.54,500,Cal,0,0,123,30,17,10
2022-06-06,990.101,500,Cal,0,0,60,30,17,10
2022-06-07,776.118,500,Cal,0,0,64,30,16,10
2022-06-08,771.776,500,Cal,0,0,48,30,15,10
2022-06-09,717.284,500,Cal,0,0,53,30,15,10
2022-06-10,836.707,500,Cal,0,0,80,30,18,10
2022-06-11,1132.14,500,Cal,0,0,62,30,20,10
2022-06-12,926.161,500,Cal,0,0,56,30,19,10
2022-06-13,878.626,500,Cal,0,0,73,30,18,10
2022-06-14,791.791,500,Cal,0,0,46,30,17,10
2022-06-15,855.878,500,Cal,0,0,65,30,18,10
2022-06-16,806.963,500,Cal,0,0,80,30,20,10
2022-06-17,913.902,500,Cal,0,0,63,30,19,10
2022-06-18,1119.71,500,Cal,0,0,100,30,14,10
2022-06-19,1219.42,500,Cal,0,0,111,30,17,10
2022-06-20,1081.16,500,Cal,0,0,111,30,17,10
2022-06-21,769.198,500,Cal,0,0,52,30,17,10
2022-06-22,829.879,500,Cal,0,0,96,30,17,10
2022-06-23,791.979,500,Cal,0,0,51,30,16,10
2022-06-24,888.985,500,Cal,0,0,67,30,20,10
2022-06-25,1312.23,500,Cal,0,0,105,30,18,10
2022-06-26,823.814,500,Cal,0,0,54,30,18,10
2022-06-27,838.902,500,Cal,0,0,40,30,17,10
2022-06-28,914.626,500,Cal,0,0,87,30,17,10
2022-06-29,1019.75,500,Cal,0,0,106,30,19,10
2022-06-30,786.978,500,Cal,0,0,62,30,19,10
2022-07-01,702.993,500,Cal,0,0,46,30,14,10
2022-07-02,1121.78,500,Cal,0,0,87,30,18,10
2022-07-03,1059.9,500,Cal,0,0,92,30,18,10
2022-07-04,1325.4,500,Cal,0,0,107,30,17,10
2022-07-05,819.46,500,Cal,0,0,69,30,18,10
2022-07-06,1001.72,500,Cal,0,0,86,30,17,10
2022-07-07,758.038,500,Cal,0,0,36,30,14,10
2022-07-08,918.917,500,Cal,0,0,79,30,19,10
2022-07-09,861.866,500,Cal,0,0,57,30,17,10
2022-07-10,1192.91,500,Cal,0,0,106,30,19,10
2022-07-11,840.045,500,Cal,0,0,75,30,17,10
2022-07-12,732.801,500,Cal,0,0,41,30,17,10
2022-07-13,816.197,500,Cal,0,0,60,30,15,10
2022-07-14,763.656,500,Cal,0,0,35,30,20,10
2022-07-15,796.513,500,Cal,0,0,74,30,18,10
2022-07-16,1315.31,500,Cal,0,0,148,30,19,10
2022-07-17,855.367,500,Cal,0,0,73,30,17,10
2022-07-18,1054.55,500,Cal,0,0,85,30,17,10
2022-07-19,754.062,500,Cal,0,0,59,30,17,10
2022-07-20,788.076,500,Cal,0,0,69,30,16,10
2022-07-21,771.442,500,Cal,0,0,34,30,20,10
2022-07-22,780.242,500,Cal,0,0,55,30,16,10
2022-07-23,967.063,500,Cal,0,0,101,30,16,10
2022-07-24,900.691,500,Cal,0,0,59,30,16,10
2022-07-25,726.81,500,Cal,0,0,40,30,14,10
2022-07-26,839.474,500,Cal,0,0,67,30,18,10
2022-07-27,826.766,500,Cal,0,0,61,30,17,10
2022-07-28,748.173,500,Cal,0,0,38,30,18,10
2022-07-29,858.709,500,Cal,0,0,61,30,19,10
2022-07-30,1142.83,500,Cal,0,0,106,30,16,10
2022-07-31,817.286,500,Cal,0,0,123,30,17,10
2022-08-01,959.348,500,Cal,0,0,106,30,15,10
2022-08-02,795.455,500,Cal,0,0,74,30,17,10
2022-08-03,774.586,500,Cal,0,0,57,30,18,10
2022-08-04,794.541,500,Cal,0,0,63,30,18,10
2022-08-05,736.293,500,Cal,0,0,51,30,16,10
2022-08-06,1124.12,500,Cal,0,0,115,30,18,10
2022-08-07,767.733,500,Cal,0,0,78,30,18,10
2022-08-08,965.401,500,Cal,0,0,72,30,17,10
2022-08-09,790.327,500,Cal,0,0,71,30,18,10
2022-08-10,782.607,500,Cal,0,0,50,30,19,10
2022-08-11,747.889,500,Cal,0,0,61,30,16,10
2022-08-12,851.257,500,Cal,0,0,63,30,15,10
2022-08-13,911.514,500,Cal,0,0,76,30,15,10
2022-08-14,1123.23,500,Cal,0,0,114,30,17,10
2022-08-15,1121.76,500,Cal,0,0,103,30,16,10
2022-08-16,825.789,500,Cal,0,0,78,30,19,10
2022-08-17,838.688,500,Cal,0,0,47,30,15,10
2022-08-18,825.353,500,Cal,0,0,53,30,18,10
2022-08-19,835.477,500,Cal,0,0,77,30,17,10
2022-08-20,1518.06,500,Cal,0,0,225,30,16,10
2022-08-21,939.091,500,Cal,0,0,75,30,16,10
2022-08-22,886.7,500,Cal,0,0,91,30,15,10
2022-08-23,918.369,500,Cal,0,0,83,30,19,10
2022-08-24,853.131,500,Cal,0,0,75,30,16,10
2022-08-25,925.122,500,Cal,0,0,81,30,17,10
2022-08-26,823.635,500,Cal,0,0,51,30,20,10
2022-08-27,1041.28,500,Cal,0,0,77,30,21,10
2022-08-28,664.16,500,Cal,0,0,60,30,17,10
2022-08-29,854.169,500,Cal,0,0,82,30,18,10
2022-08-30,829.961,500,Cal,0,0,60,30,18,10
2022-08-31,833.118,500,Cal,0,0,74,30,17,10
2022-09-01,815.425,500,Cal,0,0,41,30,19,10
2022-09-02,732.589,500,Cal,0,0,63,30,19,10
2022-09-03,1215.95,500,Cal,0,0,125,30,14,10
2022-09-04,922.876,500,Cal,0,0,68,30,16,10
2022-09-05,912.714,500,Cal,0,0,60,30,15,10
2022-09-06,717.669,500,Cal,0,0,62,30,18,10
2022-09-07,815.289,500,Cal,0,0,75,30,16,10
2022-09-08,972.286,500,Cal,0,0,84,30,18,10
2022-09-09,767.83,500,Cal,0,0,52,30,16,10
2022-09-10,800.024,500,Cal,0,0,66,30,17,10
2022-09-11,609.045,500,Cal,0,0,53,30,17,10
2022-09-12,1003.57,500,Cal,0,0,79,30,17,10
2022-09-13,774.703,500,Cal,0,0,57,30,20,10
2022-09-14,785.34,500,Cal,0,0,48,30,17,10
2022-09-15,910.935,500,Cal,0,0,95,30,21,10
2022-09-16,930.317,500,Cal,0,0,101,30,18,10
2022-09-17,883.825,500,Cal,0,0,32,30,21,10
2022-09-18,669.282,500,Cal,0,0,42,30,16,10
2022-09-19,1023.17,500,Cal,0,0,96,30,19,10
2022-09-20,817.415,500,Cal,0,0,65,30,17,10
2022-09-21,799.289,500,Cal,0,0,55,30,17,10
2022-09-22,875.054,500,Cal,0,0,68,30,16,10
2022-09-23,765.666,500,Cal,0,0,53,30,17,10
2022-09-24,1162.74,500,Cal,0,0,118,30,16,10
2022-09-25,828.726,500,Cal,0,0,64,30,16,10
2022-09-26,857.083,500,Cal,0,0,61,30,17,10
2022-09-27,833.197,500,Cal,0,0,67,30,18,10
2022-09-28,802.164,500,Cal,0,0,61,30,17,10
2022-09-29,773.129,500,Cal,0,0,55,30,18,10
2022-09-30,793.058,500,Cal,0,0,62,30,16,10
2022-10-01,949.459,500,Cal,0,0,96,30,16,10
2022-10-02,682.749,500,Cal,0,0,56,30,15,10
2022-10-03,766.405,500,Cal,0,0,62,30,17,10
2022-10-04,626.349,500,Cal,0,0,48,30,16,10
2022-10-05,762.872,500,Cal,0,0,59,30,16,10
2022-10-06,946.507,500,Cal,0,0,95,30,17,10
2022-10-07,902.765,500,Cal,0,0,90,30,18,10
2022-10-08,1055.88,500,Cal,0,0,74,30,18,10
2022-10-09,943.241,500,Cal,0,0,72,30,16,10
2022-10-10,952.029,500,Cal,0,0,91,30,19,10
2022-10-11,698.528,500,Cal,0,0,49,30,15,10
2022-10-12,781.6,500,Cal,0,0,78,30,16,10
2022-10-13,703.045,500,Cal,0,0,47,30,17,10
2022-10-14,987.833,500,Cal,0,0,87,30,16,10
2022-10-15,804.872,500,Cal,0,0,50,30,16,10
2022-10-16,492.52,500,Cal,0,0,28,30,18,10
2022-10-17,535.634,500,Cal,0,0,29,30,17,10
2022-10-18,645.387,500,Cal,0,0,28,30,16,10
2022-10-19,605.515,500,Cal,0,0,39,30,16,10
2022-10-20,649.05,500,Cal,0,0,40,30,14,10
2022-10-21,740.802,500,Cal,0,0,59,30,18,10
2022-10-22,871.913,500,Cal,0,0,75,30,13,10
2022-10-23,620.926,500,Cal,0,0,65,30,15,10
2022-10-24,662.166,500,Cal,0,0,53,30,15,10
2022-10-25,675.31,500,Cal,0,0,41,30,18,10
2022-10-26,705.159,500,Cal,0,0,77,30,15,10
2022-10-27,793.676,500,Cal,0,0,92,30,15,10
2022-10-28,621.236,500,Cal,0,0,39,30,20,10
2022-10-29,679.893,500,Cal,0,0,45,30,14,10
2022-10-30,768.929,500,Cal,0,0,64,30,14,10
2022-10-31,572.401,500,Cal,0,0,33,30,16,10
2022-11-01,658.024,500,Cal,0,0,30,30,16,10
2022-11-02,732.089,500,Cal,0,0,50,30,18,10
2022-11-03,675.47,500,Cal,0,0,48,30,16,10
2022-11-04,885.505,500,Cal,0,0,79,30,17,10
2022-11-05,958.845,500,Cal,0,0,62,30,18,10
2022-11-06,899.549,500,Cal,0,0,98,30,16,10
2022-11-07,736.662,500,Cal,0,0,62,30,19,10
2022-11-08,785.418,500,Cal,0,0,72,30,19,10
2022-11-09,859.905,500,Cal,0,0,97,30,15,10
2022-11-10,823.127,500,Cal,0,0,91,30,18,10
2022-11-11,694.205,500,Cal,0,0,57,30,16,10
2022-11-12,847.849,500,Cal,0,0,84,30,15,10
2022-11-13,888.356,500,Cal,0,0,98,30,16,10
2022-11-14,893.774,500,Cal,0,0,103,30,15,10
2022-11-15,762.996,500,Cal,0,0,79,30,15,10
2022-11-16,690.968,500,Cal,0,0,57,30,15,10
2022-11-17,849.413,500,Cal,0,0,72,30,14,10
2022-11-18,995.404,500,Cal,0,0,143,30,18,10
2022-11-19,678.168,500,Cal,0,0,74,30,20,10
2022-11-20,768.43,500,Cal,0,0,75,30,15,10
2022-11-21,691.042,500,Cal,0,0,74,30,15,10
2022-11-22,935.834,500,Cal,0,0,104,30,15,10
2022-11-23,748.624,500,Cal,0,0,52,30,17,10
2022-11-24,938.476,500,Cal,0,0,52,30,13,10
2022-11-25,816.942,500,Cal,0,0,93,30,15,10
2022-11-26,885.759,500,Cal,0,0,108,30,15,10
2022-11-27,615.998,500,Cal,0,0,63,30,15,10
2022-11-28,852.416,500,Cal,0,0,119,30,16,10
2022-11-29,787.062,500,Cal,0,0,92,30,15,10
2022-11-30,847.372,500,Cal,0,0,91,30,15,10
2022-12-01,736.166,500,Cal,0,0,86,30,15,10
2022-12-02,875.766,500,Cal,0,0,81,30,16,10
2022-12-03,714.435,500,Cal,0,0,68,30,15,10
2022-12-04,610.244,500,Cal,0,0,52,30,15,10
2022-12-05,980.665,500,Cal,0,0,126,30,20,10
2022-12-06,690.865,500,Cal,0,0,46,30,17,10
2022-12-07,839.535,500,Cal,0,0,89,30,16,10
2022-12-08,837.361,500,Cal,0,0,91,30,18,10
2022-12-09,971.604,500,Cal,0,0,99,30,15,10
2022-12-10,807.096,500,Cal,0,0,75,30,14,10
2022-12-11,643.934,500,Cal,0,0,70,30,15,10
2022-12-12,943.602,500,Cal,0,0,106,30,16,10
2022-12-13,881.65,500,Cal,0,0,83,30,16,10
2022-12-14,813.615,500,Cal,0,0,66,30,15,10
2022-12-15,748.129,500,Cal,0,0,74,30,17,10
2022-12-16,791.738,500,Cal,0,0,89,30,17,10
2022-12-17,897.443,500,Cal,0,0,76,30,14,10
2022-12-18,588.777,500,Cal,0,0,64,30,14,10
2022-12-19,809.554,500,Cal,0,0,76,30,16,10
2022-12-20,792.088,500,Cal,0,0,69,30,16,10
2022-12-21,804.234,500,Cal,0,0,65,30,15,10
2022-12-22,787.077,500,Cal,0,0,68,30,18,10
2022-12-23,605.767,500,Cal,0,0,41,30,18,10
2022-12-24,556.319,500,Cal,0,0,73,30,14,10
2022-12-25,679.472,500,Cal,0,0,50,30,17,10
2022-12-26,854.958,500,Cal,0,0,66,30,14,10
2022-12-27,884.976,500,Cal,0,0,129,30,14,10
2022-12-28,935.096,500,Cal,0,0,132,30,17,10
2022-12-29,918.842,500,Cal,0,0,88,30,19,10
2022-12-30,736.866,500,Cal,0,0,86,30,15,10
2022-12-31,637.019,500,Cal,0,0,54,30,18,10
2023-01-01,872.654,500,Cal,0,0,109,30,15,10
2023-01-02,1008.19,500,Cal,0,0,109,30,17,10
2023-01-03,946.728,500,Cal,0,0,105,30,17,10
2023-01-04,710.37,500,Cal,0,0,60,30,16,10
2023-01-05,862.939,500,Cal,0,0,88,30,17,10
2023-01-06,883.971,500,Cal,0,0,95,30,16,10
2023-01-07,915.133,500,Cal,0,0,77,30,17,10
2023-01-08,801.621,500,Cal,0,0,74,30,16,10
2023-01-09,750.58,500,Cal,0,0,64,30,17,10
2023-01-10,913.481,500,Cal,0,0,87,30,16,10
2023-01-11,735.408,500,Cal,0,0,73,30,17,10
2023-01-12,940.78,500,Cal,0,0,99,30,17,10
2023-01-13,734.885,500,Cal,0,0,72,30,16,10
2023-01-14,802.862,500,Cal,0,0,76,30,17,10
2023-01-15,573.334,500,Cal,0,0,67,30,14,10
2023-01-16,846.377,500,Cal,0,0,107,30,16,10
2023-01-17,884.496,500,Cal,0,0,93,30,14,10
2023-01-18,714.684,500,Cal,0,0,79,30,15,10
2023-01-19,801.789,500,Cal,0,0,83,30,16,10
2023-01-20,889.747,500,Cal,0,0,108,30,19,10
2023-01-21,941.295,500,Cal,0,0,109,30,17,10
2023-01-22,761.308,500,Cal,0,0,104,30,15,10
2023-01-23,710.823,500,Cal,0,0,84,30,16,10
2023-01-24,824.135,500,Cal,0,0,87,30,17,10
2023-01-25,819.541,500,Cal,0,0,83,30,17,10
2023-01-26,929.889,500,Cal,0,0,95,30,16,10
2023-01-27,819.35,500,Cal,0,0,100,30,17,10
2023-01-28,963.391,500,Cal,0,0,107,30,15,10
2023-01-29,975.607,500,Cal,0,0,106,30,16,10
2023-01-30,1023.98,500,Cal,0,0,121,30,17,10
2023-01-31,793.346,500,Cal,0,0,78,30,15,10
2023-02-01,732.832,500,Cal,0,0,65,30,16,10
2023-02-02,888.697,500,Cal,0,0,90,30,17,10
2023-02-03,856.877,500,Cal,0,0,102,30,16,10
2023-02-04,777.626,500,Cal,0,0,71,30,14,10
2023-02-05,1004.98,500,Cal,0,0,113,30,16,10
2023-02-06,948.582,500,Cal,0,0,124,30,15,10
2023-02-07,963.489,500,Cal,0,0,103,30,17,10
2023-02-08,870.027,500,Cal,0,0,105,30,13,10
2023-02-09,981.096,500,Cal,0,0,107,30,17,10
2023-02-10,957.535,500,Cal,0,0,104,30,16,10
2023-02-11,1205.45,500,Cal,0,0,154,30,17,10
2023-02-12,734.814,500,Cal,0,0,70,30,18,10
2023-02-13,1054.93,500,Cal,0,0,166,30,15,10
2023-02-14,817.137,500,Cal,0,0,88,30,16,10
2023-02-15,837.394,500,Cal,0,0,96,30,15,10
2023-02-16,823.592,500,Cal,0,0,97,30,16,10
2023-02-17,951.636,500,Cal,0,0,123,30,18,10
2023-02-18,751.142,500,Cal,0,0,62,30,15,10
2023-02-19,840.295,500,Cal,0,0,68,30,17,10
2023-02-20,858.672,500,Cal,0,0,105,30,17,10
2023-02-21,740.234,500,Cal,0,0,63,30,17,10
2023-02-22,730.2,500,Cal,0,0,61,30,14,10
2023-02-23,1035.87,500,Cal,0,0,99,30,17,10
2023-02-24,821.286,500,Cal,0,0,55,30,15,10
2023-02-25,875.952,500,Cal,0,0,101,30,16,10
2023-02-26,927.464,500,Cal,0,0,119,30,20,10
2023-02-27,755.032,500,Cal,0,0,77,30,15,10
2023-02-28,748.547,500,Cal,0,0,67,30,15,10
2023-03-01,758.625,500,Cal,0,0,60,30,16,10
2023-03-02,850.812,500,Cal,0,0,85,30,16,10
2023-03-03,753.201,500,Cal,0,0,65,30,15,10
2023-03-04,716.028,500,Cal,0,0,91,30,14,10
2023-03-05,788.124,500,Cal,0,0,79,30,16,10
2023-03-06,772.707,500,Cal,0,0,103,30,16,10
2023-03-07,737.967,500,Cal,0,0,81,30,15,10
2023-03-08,671.831,500,Cal,0,0,59,30,14,10
2023-03-09,938.001,500,Cal,0,0,98,30,15,10
2023-03-10,886.112,500,Cal,0,0,89,30,17,10
2023-03-11,608.677,500,Cal,0,0,45,30,16,10
2023-03-12,875.833,500,Cal,0,0,76,30,16,10
2023-03-13,842.012,500,Cal,0,0,110,30,15,10
2023-03-14,846.677,500,Cal,0,0,102,30,15,10
2023-03-15,650.363,500,Cal,0,0,52,30,16,10
2023-03-16,856.733,500,Cal,0,0,95,30,16,10
2023-03-17,784.665,500,Cal,0,0,71,30,13,10
2023-03-18,970.837,500,Cal,0,0,149,30,18,10
2023-03-19,703.954,500,Cal,0,0,75,30,16,10
2023-03-20,1072.17,500,Cal,0,0,114,30,15,10
2023-03-21,890.216,500,Cal,0,0,72,30,16,10
2023-03-22,794.013,500,Cal,0,0,67,30,17,10
2023-03-23,952.285,500,Cal,0,0,91,30,17,10
2023-03-24,853.068,500,Cal,0,0,66,30,17,10
2023-03-25,688.317,500,Cal,0,0,78,30,14,10
2023-03-26,933.923,500,Cal,0,0,106,30,16,10
2023-03-27,1208.14,500,Cal,0,0,174,30,15,10
2023-03-28,947.425,500,Cal,0,0,98,30,18,10
2023-03-29,747.69,500,Cal,0,0,59,30,16,10
2023-03-30,710.417,500,Cal,0,0,44,30,16,10
2023-03-31,999.231,500,Cal,0,0,87,30,19,10
2023-04-01,838.328,500,Cal,0,0,63,30,14,10
2023-04-02,740.603,500,Cal,0,0,60,30,16,10
2023-04-03,528.736,500,Cal,0,0,38,30,12,10
2023-04-04,784.957,500,Cal,0,0,83,30,15,10
2023-04-05,772.166,500,Cal,0,0,75,30,19,10
2023-04-06,850.176,500,Cal,0,0,98,30,17,10
2023-04-07,813.37,500,Cal,0,0,59,30,16,10
2023-04-08,981.155,500,Cal,0,0,108,30,18,10
2023-04-09,1049.29,500,Cal,0,0,128,30,16,10
2023-04-10,1111.75,500,Cal,0,0,146,30,18,10
2023-04-11,864.768,500,Cal,0,0,77,30,17,10
2023-04-12,862.112,500,Cal,0,0,83,30,15,10
2023-04-13,943.905,500,Cal,0,0,104,30,18,10
2023-04-14,925.476,500,Cal,0,0,100,30,15,10
2023-04-15,837.407,500,Cal,0,0,97,30,15,10
2023-04-16,900.695,500,Cal,0,0,79,30,16,10
2023-04-17,932.235,500,Cal,0,0,102,30,18,10
2023-04-18,788.046,500,Cal,0,0,84,30,16,10
2023-04-19,750.207,500,Cal,0,0,60,30,13,10
2023-04-20,759.424,500,Cal,0,0,59,30,15,10
2023-04-21,868.168,500,Cal,0,0,84,30,18,10
2023-04-22,1121.08,500,Cal,0,0,83,30,15,10
2023-04-23,1071.18,500,Cal,0,0,156,30,15,10
2023-04-24,1086.44,500,Cal,0,0,129,30,17,10
2023-04-25,1046.3,500,Cal,0,0,128,30,16,10
2023-04-26,747.862,500,Cal,0,0,66,30,16,10
2023-04-27,944.046,500,Cal,0,0,95,30,17,10
2023-04-28,779.379,500,Cal,0,0,88,30,17,10
2023-04-29,893.22,500,Cal,0,0,83,30,13,10
2023-04-30,627.389,500,Cal,0,0,60,30,15,10
2023-05-01,1011.96,500,Cal,0,0,134,30,16,10
2023-05-02,918.159,500,Cal,0,0,100,30,17,10
2023-05-03,907.338,500,Cal,0,0,103,30,16,10
2023-05-04,818.518,500,Cal,0,0,68,30,18,10
2023-05-05,854.317,500,Cal,0,0,110,30,15,10
2023-05-06,891.246,500,Cal,0,0,78,30,15,10
2023-05-07,991.967,500,Cal,0,0,123,30,16,10
2023-05-08,995.445,500,Cal,0,0,120,30,16,10
2023-05-09,843.72,500,Cal,0,0,106,30,17,10
2023-05-10,792.491,500,Cal,0,0,81,30,17,10
2023-05-11,875.013,500,Cal,0,0,85,30,18,10
2023-05-12,879.333,500,Cal,0,0,51,30,18,10
2023-05-13,1167.71,500,Cal,0,0,120,30,17,10
2023-05-14,909.891,500,Cal,0,0,110,30,15,10
2023-05-15,935.46,500,Cal,0,0,81,30,14,10
2023-05-16,849.818,500,Cal,0,0,61,30,17,10
2023-05-17,935.845,500,Cal,0,0,70,30,15,10
2023-05-18,917.568,500,Cal,0,0,100,30,15,10
2023-05-19,793.804,500,Cal,0,0,69,30,15,10
2023-05-20,769.866,500,Cal,0,0,82,30,16,10
2023-05-21,1042.58,500,Cal,0,0,115,30,17,10
2023-05-22,879.192,500,Cal,0,0,114,30,15,10
2023-05-23,870.962,500,Cal,0,0,93,30,16,10
2023-05-24,950.847,500,Cal,0,0,80,30,15,10
2023-05-25,903.117,500,Cal,0,0,80,30,15,10
2023-05-26,926.429,500,Cal,0,0,119,30,17,10
2023-05-27,1261.3,500,Cal,0,0,164,30,16,10
2023-05-28,828.403,500,Cal,0,0,78,30,15,10
2023-05-29,1019.21,500,Cal,0,0,132,30,17,10
2023-05-30,825.606,500,Cal,0,0,93,30,15,10
2023-05-31,833.144,500,Cal,0,0,83,30,16,10
2023-06-01,1002.71,500,Cal,0,0,92,30,17,10
2023-06-02,823.889,500,Cal,0,0,84,30,16,10
2023-06-03,882.098,500,Cal,0,0,74,30,16,10
2023-06-04,980.957,500,Cal,0,0,99,30,15,10
2023-06-05,842.217,500,Cal,0,0,81,30,19,10
2023-06-06,863.939,500,Cal,0,0,48,30,17,10
2023-06-07,847.236,500,Cal,0,0,73,30,16,10
2023-06-08,840.4,500,Cal,0,0,74,30,17,10
2023-06-09,939.673,500,Cal,0,0,76,30,18,10
2023-06-10,1092.19,500,Cal,0,0,104,30,15,10
2023-06-11,1073.52,500,Cal,0,0,125,30,16,10
2023-06-12,880.692,500,Cal,0,0,71,30,15,10
2023-06-13,899.063,500,Cal,0,0,80,30,18,10
2023-06-14,1069.42,500,Cal,0,0,89,30,16,10
2023-06-15,927.034,500,Cal,0,0,92,30,19,10
2023-06-16,975.851,500,Cal,0,0,85,30,18,10
2023-06-17,1127.52,500,Cal,0,0,118,30,17,10
2023-06-18,1109.59,500,Cal,0,0,117,30,17,10
2023-06-19,883.676,500,Cal,0,0,75,30,16,10
2023-06-20,894.838,500,Cal,0,0,93,30,18,10
2023-06-21,976.445,500,Cal,0,0,88,30,16,10
2023-06-22,804.618,500,Cal,0,0,70,30,16,10
2023-06-23,861.251,500,Cal,0,0,82,30,19,10
2023-06-24,1122.56,500,Cal,0,0,81,30,18,10
2023-06-25,889.187,500,Cal,0,0,80,30,16,10
2023-06-26,881.281,500,Cal,0,0,80,30,17,10
2023-06-27,815.569,500,Cal,0,0,49,30,18,10
2023-06-28,962.051,500,Cal,0,0,89,30,18,10
2023-06-29,944.153,500,Cal,0,0,76,30,16,10
2023-06-30,945.295,500,Cal,0,0,98,30,19,10
2023-07-01,1063.56,500,Cal,0,0,78,30,17,10
2023-07-02,755.559,500,Cal,0,0,86,30,16,10
2023-07-03,812.628,500,Cal,0,0,55,30,18,10
2023-07-04,1090.3,500,Cal,0,0,119,30,17,10
2023-07-05,790.575,500,Cal,0,0,48,30,19,10
2023-07-06,933.845,500,Cal,0,0,76,30,18,10
2023-07-07,808.772,500,Cal,0,0,62,30,20,10
2023-07-08,1100.59,500,Cal,0,0,94,30,19,10
2023-07-09,904.266,500,Cal,0,0,62,30,18,10
2023-07-10,888.571,500,Cal,0,0,89,30,17,10
2023-07-11,851.592,500,Cal,0,0,81,30,18,10
2023-07-12,761.557,500,Cal,0,0,43,30,17,10
2023-07-13,906.502,500,Cal,0,0,70,30,14,10
2023-07-14,890.41,500,Cal,0,0,61,30,19,10
2023-07-15,1022.96,500,Cal,0,0,105,30,17,10
2023-07-16,603.249,500,Cal,0,0,54,30,19,10
2023-07-17,756.847,500,Cal,0,0,61,30,20,10
2023-07-18,856.865,500,Cal,0,0,56,30,20,10
2023-07-19,755.831,500,Cal,0,0,44,30,20,10
2023-07-20,909.446,500,Cal,0,0,77,30,18,10
2023-07-21,846.883,500,Cal,0,0,85,30,18,10
2023-07-22,1071.9,500,Cal,0,0,127,30,17,10
2023-07-23,844.739,500,Cal,0,0,80,30,17,10
2023-07-24,916.744,500,Cal,0,0,47,30,17,10
2023-07-25,1044.26,500,Cal,0,0,87,30,17,10
2023-07-26,661.819,500,Cal,0,0,35,30,15,10
2023-07-27,744.81,500,Cal,0,0,41,30,15,10
2023-07-28,873.154,500,Cal,0,0,77,30,17,10
2023-07-29,778.654,500,Cal,0,0,98,30,16,10
2023-07-30,1051.75,500,Cal,0,0,122,30,17,10
2023-07-31,864.722,500,Cal,0,0,94,30,18,10
2023-08-01,934.5,500,Cal,0,0,51,30,15,10
2023-08-02,767.676,500,Cal,0,0,44,30,16,10
2023-08-03,835.752,500,Cal,0,0,65,30,16,10
2023-08-04,938.822,500,Cal,0,0,87,30,18,10
2023-08-05,1011.75,500,Cal,0,0,67,30,18,10
2023-08-06,805.585,500,Cal,0,0,99,30,18,10
2023-08-07,831.584,500,Cal,0,0,87,30,16,10
2023-08-08,872.762,500,Cal,0,0,71,30,19,10
2023-08-09,799.317,500,Cal,0,0,41,30,15,10
2023-08-10,865.51,500,Cal,0,0,88,30,18,10
2023-08-11,715.861,500,Cal,0,0,46,30,18,10
2023-08-12,772.465,500,Cal,0,0,61,30,17,10
2023-08-13,673.246,500,Cal,0,0,58,30,16,10
2023-08-14,895.471,500,Cal,0,0,101,30,18,10
2023-08-15,893.828,500,Cal,0,0,74,30,16,10
2023-08-16,960.628,500,Cal,0,0,86,30,17,10
2023-08-17,651.931,500,Cal,0,0,36,30,17,10
2023-08-18,786.396,500,Cal,0,0,43,30,18,10
2023-08-19,1004.63,500,Cal,0,0,62,30,16,10
2023-08-20,809.324,500,Cal,0,0,113,30,15,10
2023-08-21,774.032,500,Cal,0,0,60,30,16,10
2023-08-22,1101.67,500,Cal,0,0,73,30,18,10
2023-08-23,870.357,500,Cal,0,0,85,30,18,10
2023-08-24,847.008,500,Cal,0,0,75,30,17,10
2023-08-25,877.885,500,Cal,0,0,67,30,18,10
2023-08-26,665.72,500,Cal,0,0,66,30,15,10
2023-08-27,856.195,500,Cal,0,0,82,30,16,10
2023-08-28,894.135,500,Cal,0,0,82,30,15,10
2023-08-29,914.373,500,Cal,0,0,70,30,19,10
2023-08-30,667.134,500,Cal,0,0,31,30,15,10
2023-08-31,784.687,500,Cal,0,0,46,30,19,10
2023-09-01,819.702,500,Cal,0,0,71,30,15,10
2023-09-02,1119.09,500,Cal,0,0,143,30,17,10
2023-09-03,1108.69,500,Cal,0,0,132,30,16,10
2023-09-04,709.254,500,Cal,0,0,49,30,17,10
2023-09-05,853.946,500,Cal,0,0,67,30,16,10
2023-09-06,787.126,500,Cal,0,0,34,30,17,10
2023-09-07,761.317,500,Cal,0,0,43,30,16,10
2023-09-08,935.508,500,Cal,0,0,88,30,19,10
2023-09-09,943.409,500,Cal,0,0,89,30,19,10
2023-09-10,727.301,500,Cal,0,0,68,30,18,10
2023-09-11,674.42,500,Cal,0,0,71,30,14,10
2023-09-12,831.228,500,Cal,0,0,66,30,17,10
2023-09-13,687.692,500,Cal,0,0,31,30,16,10
2023-09-14,880.519,500,Cal,0,0,86,30,17,10
2023-09-15,810.516,500,Cal,0,0,80,30,17,10
2023-09-16,1342.38,500,Cal,0,0,149,30,16,10
2023-09-17,933.741,500,Cal,0,0,111,30,18,10
2023-09-18,656.583,500,Cal,0,0,55,30,16,10
2023-09-19,953.29,500,Cal,0,0,62,30,17,10
2023-09-20,804.619,500,Cal,0,0,53,30,21,10
2023-09-21,708.985,500,Cal,0,0,36,30,15,10
2023-09-22,912.389,500,Cal,0,0,97,30,18,10
2023-09-23,779.419,500,Cal,0,0,113,30,15,10
2023-09-24,746.769,500,Cal,0,0,42,30,16,10
2023-09-25,617.725,500,Cal,0,0,41,30,16,10
2023-09-26,805.406,500,Cal,0,0,81,30,18,10
2023-09-27,747.815,500,Cal,0,0,46,30,18,10
2023-09-28,783.57,500,Cal,0,0,87,30,18,10
2023-09-29,793.443,500,Cal,0,0,75,30,15,10
2023-09-30,796.902,670,Cal,0,0,101,30,16,12
2023-10-01,921.221,670,Cal,0,0,71,30,16,12
2023-10-02,796.285,670,Cal,0,0,98,30,17,12
2023-10-03,924.381,670,Cal,0,0,78,30,17,12
2023-10-04,762.902,670,Cal,0,0,44,30,19,12
2023-10-05,827.51,670,Cal,0,0,60,30,16,12
2023-10-06,1089.38,670,Cal,0,0,119,30,18,12
2023-10-07,1296.3,670,Cal,0,0,125,30,18,12
2023-10-08,858.771,670,Cal,0,0,85,30,16,12
2023-10-09,777.813,670,Cal,0,0,79,30,17,12
2023-10-10,850.407,670,Cal,0,0,84,30,16,12
2023-10-11,816.658,670,Cal,0,0,51,30,17,12
2023-10-12,796.352,670,Cal,0,0,50,30,18,12
2023-10-13,713.837,670,Cal,0,0,57,30,18,12
2023-10-14,601.283,670,Cal,0,0,48,30,17,12
2023-10-15,888.945,670,Cal,0,0,74,30,14,12
2023-10-16,894.693,670,Cal,0,0,112,30,17,12
2023-10-17,875.572,670,Cal,0,0,94,30,16,12
2023-10-18,776.557,670,Cal,0,0,36,30,16,12
2023-10-19,987.154,670,Cal,0,0,119,30,19,12
2023-10-20,919.367,670,Cal,0,0,91,30,20,12
2023-10-21,1042.49,670,Cal,0,0,124,30,14,12
2023-10-22,782.746,670,Cal,0,0,67,30,16,12
2023-10-23,752.214,670,Cal,0,0,47,30,16,12
2023-10-24,961.1,670,Cal,0,0,82,30,18,12
2023-10-25,938.542,670,Cal,0,0,87,30,17,12
2023-10-26,874.717,670,Cal,0,0,82,30,17,12
2023-10-27,1009.88,670,Cal,0,0,91,30,20,12
2023-10-28,1270.31,670,Cal,0,0,152,30,18,12
2023-10-29,978.877,670,Cal,0,0,101,30,16,12
2023-10-30,715.478,670,Cal,0,0,70,30,17,12
2023-10-31,731.299,670,Cal,0,0,48,30,18,12
2023-11-01,783.591,670,Cal,0,0,71,30,17,12
2023-11-02,905.96,670,Cal,0,0,113,30,21,12
2023-11-03,823.737,670,Cal,0,0,60,30,17,12
2023-11-04,963.702,670,Cal,0,0,84,30,15,12
2023-11-05,617.918,670,Cal,0,0,42,30,17,12
2023-11-06,895.321,670,Cal,0,0,93,30,18,12
2023-11-07,997.631,670,Cal,0,0,70,30,18,12
2023-11-08,966.02,670,Cal,0,0,107,30,17,12
2023-11-09,776.568,670,Cal,0,0,64,30,20,12
2023-11-10,810.448,670,Cal,0,0,91,30,16,12
2023-11-11,985.408,670,Cal,0,0,109,30,15,12
2023-11-12,733.24,670,Cal,0,0,60,30,17,12
2023-11-13,910.273,670,Cal,0,0,115,30,15,12
2023-11-14,828.427,670,Cal,0,0,88,30,17,12
2023-11-15,716.233,670,Cal,0,0,56,30,17,12
2023-11-16,950.271,670,Cal,0,0,89,30,17,12
2023-11-17,863.03,670,Cal,0,0,91,30,18,12
2023-11-18,962.227,670,Cal,0,0,101,30,17,12
2023-11-19,910.753,670,Cal,0,0,85,30,15,12
2023-11-20,767.632,670,Cal,0,0,64,30,16,12
2023-11-21,875.299,670,Cal,0,0,100,30,18,12
2023-11-22,798.746,670,Cal,0,0,71,30,17,12
2023-11-23,855.553,670,Cal,0,0,52,30,16,12
2023-11-24,1052.34,670,Cal,0,0,115,30,16,12
2023-11-25,1018.19,670,Cal,0,0,68,30,16,12
2023-11-26,699.054,670,Cal,0,0,60,30,14,12
2023-11-27,823.688,670,Cal,0,0,102,30,12,12
2023-11-28,844.003,670,Cal,0,0,94,30,15,12
2023-11-29,722.031,670,Cal,0,0,40,30,18,12
2023-11-30,891.132,670,Cal,0,0,82,30,16,12
2023-12-01,843.623,670,Cal,0,0,76,30,16,12
2023-12-02,717.758,670,Cal,0,0,48,30,14,12
2023-12-03,692.948,670,Cal,0,0,53,30,16,12
2023-12-04,894.963,670,Cal,0,0,80,30,17,12
2023-12-05,821.676,670,Cal,0,0,73,30,18,12
2023-12-06,817.747,670,Cal,0,0,67,30,17,12
2023-12-07,930.091,670,Cal,0,0,94,30,19,12
2023-12-08,829.796,670,Cal,0,0,93,30,17,12
2023-12-09,1103.25,670,Cal,0,0,118,30,17,12
2023-12-10,1103.15,670,Cal,0,0,122,30,19,12
2023-12-11,817.713,670,Cal,0,0,87,30,16,12
2023-12-12,928.676,670,Cal,0,0,94,30,16,12
2023-12-13,823.178,670,Cal,0,0,53,30,17,12
2023-12-14,738.71,670,Cal,0,0,40,30,16,12
2023-12-15,1013.66,670,Cal,0,0,109,30,20,12
2023-12-16,1121.24,670,Cal,0,0,98,30,17,12
2023-12-17,631.435,670,Cal,0,0,67,30,16,12
2023-12-18,755.456,670,Cal,0,0,85,30,14,12
2023-12-19,978.768,670,Cal,0,0,89,30,19,12
2023-12-20,856.025,670,Cal,0,0,71,30,17,12
2023-12-21,982.582,670,Cal,0,0,120,30,17,12
2023-12-22,906.732,670,Cal,0,0,83,30,18,12
2023-12-23,1031.96,670,Cal,0,0,110,30,12,12
2023-12-24,774.699,670,Cal,0,0,100,30,17,12
2023-12-25,757.632,670,Cal,0,0,67,30,15,12
2023-12-26,805.125,670,Cal,0,0,48,30,16,12
2023-12-27,821.535,670,Cal,0,0,72,30,17,12
2023-12-28,1020.67,670,Cal,0,0,81,30,17,12
2023-12-29,977.578,670,Cal,0,0,120,30,16,12
2023-12-30,982.808,670,Cal,0,0,94,30,14,12
2023-12-31,742.537,670,Cal,0,0,72,30,17,12
2024-01-01,180.85,670,Cal,0,0,0,30,8,12
2024-01-02,98.4373,670,Cal,0,0,1,30,4,12
2024-01-03,272.577,670,Cal,0,0,0,30,12,12
2024-01-04,525.764,670,Cal,0,0,19,30,15,12
2024-01-05,527.177,670,Cal,0,0,29,30,16,12
2024-01-06,703.56,670,Cal,0,0,79,30,16,12
2024-01-07,599.101,670,Cal,0,0,63,30,13,12
2024-01-08,748.202,670,Cal,0,0,81,30,14,12
2024-01-09,794.161,670,Cal,0,0,87,30,16,12
2024-01-10,667.133,670,Cal,0,0,50,30,17,12
2024-01-11,684.49,670,Cal,0,0,52,30,17,12
2024-01-12,793.138,670,Cal,0,0,84,30,18,12
2024-01-13,700.35,670,Cal,0,0,99,30,14,12
2024-01-14,673.306,670,Cal,0,0,82,30,16,12
2024-01-15,569.965,670,Cal,0,0,62,30,15,12
2024-01-16,844.896,670,Cal,0,0,90,30,16,12
2024-01-17,659.4,670,Cal,0,0,77,30,15,12
2024-01-18,744.939,670,Cal,0,0,57,30,16,12
2024-01-19,758.489,670,Cal,0,0,41,30,17,12
2024-01-20,521.88,670,Cal,0,0,10,30,16,12
2024-01-21,676.435,670,Cal,0,0,75,30,16,12
2024-01-22,842.18,670,Cal,0,0,114,30,15,12
2024-01-23,582.537,670,Cal,0,0,44,30,17,12
2024-01-24,734.618,670,Cal,0,0,62,30,16,12
2024-01-25,814.824,670,Cal,0,0,75,30,17,12
2024-01-26,910.425,670,Cal,0,0,86,30,18,12
2024-01-27,652.941,670,Cal,0,0,70,30,16,12
2024-01-28,647.504,670,Cal,0,0,63,30,15,12
2024-01-29,646.017,670,Cal,0,0,56,30,15,12
2024-01-30,976.642,670,Cal,0,0,104,30,16,12
2024-01-31,723.763,670,Cal,0,0,56,30,15,12
2024-02-01,942.019,670,Cal,0,0,101,30,17,12
2024-02-02,844.641,670,Cal,0,0,83,30,16,12
2024-02-03,1011.12,670,Cal,0,0,95,30,17,12
2024-02-04,649.281,670,Cal,0,0,57,30,15,12
2024-02-05,677.144,670,Cal,0,0,50,30,14,12
2024-02-06,906.604,670,Cal,0,0,71,30,16,12
2024-02-07,725.81,670,Cal,0,0,45,30,17,12
2024-02-08,973.377,670,Cal,0,0,105,30,16,12
2024-02-09,936.735,670,Cal,0,0,92,30,17,12
2024-02-10,943.651,670,Cal,0,0,108,30,17,12
2024-02-11,874.628,670,Cal,0,0,106,30,16,12
2024-02-12,755.362,670,Cal,0,0,89,30,15,12
2024-02-13,789.871,670,Cal,0,0,71,30,15,12
2024-02-14,644.334,670,Cal,0,0,39,30,16,12
2024-02-15,759.406,670,Cal,0,0,52,30,15,12
2024-02-16,852.273,670,Cal,0,0,57,30,18,12
2024-02-17,753.092,670,Cal,0,0,70,30,14,12
2024-02-18,626.71,670,Cal,0,0,50,30,16,12
2024-02-19,840.062,670,Cal,0,0,67,30,15,12
2024-02-20,947.149,670,Cal,0,0,113,30,18,12
2024-02-21,811.757,670,Cal,0,0,52,30,16,12
2024-02-22,892.219,670,Cal,0,0,84,30,19,12
2024-02-23,681.146,670,Cal,0,0,71,30,16,12
2024-02-24,534.044,670,Cal,0,0,53,30,15,12
2024-02-25,939.139,670,Cal,0,0,95,30,16,12
2024-02-26,782.291,670,Cal,0,0,51,30,17,12
2024-02-27,887.206,670,Cal,0,0,99,30,17,12
2024-02-28,711.469,670,Cal,0,0,44,30,17,12
2024-02-29,676.968,670,Cal,0,0,33,30,18,12
2024-03-01,923.81,670,Cal,0,0,49,30,22,12
2024-03-02,529.395,670,Cal,0,0,46,30,16,12
2024-03-03,879.42,670,Cal,0,0,119,30,17,12
2024-03-04,732.845,670,Cal,0,0,69,30,17,12
2024-03-05,809.79,670,Cal,0,0,82,30,16,12
2024-03-06,785.513,670,Cal,0,0,53,30,17,12
2024-03-07,916.134,670,Cal,0,0,85,30,17,12
2024-03-08,722.903,670,Cal,0,0,53,30,17,12
2024-03-09,655.833,670,Cal,0,0,68,30,14,12
2024-03-10,829.955,670,Cal,0,0,110,30,14,12
2024-03-11,678.597,670,Cal,0,0,73,30,16,12
2024-03-12,789.517,670,Cal,0,0,53,30,18,12
2024-03-13,909.938,670,Cal,0,0,71,30,16,12
2024-03-14,591.653,670,Cal,0,0,29,30,20,12
2024-03-15,746.284,670,Cal,0,0,61,30,20,12
2024-03-16,1083.7,670,Cal,0,0,103,30,18,12
2024-03-17,842.732,670,Cal,0,0,60,30,18,12
2024-03-18,814.793,670,Cal,0,0,104,30,15,12
2024-03-19,1061.11,670,Cal,0,0,98,30,18,12
2024-03-20,701.229,670,Cal,0,0,51,30,15,12
2024-03-21,847.927,670,Cal,0,0,84,30,18,12
2024-03-22,796.918,670,Cal,0,0,84,30,17,12
2024-03-23,608.029,670,Cal,0,0,60,30,15,12
2024-03-24,1006.24,670,Cal,0,0,113,30,17,12
2024-03-25,744.421,670,Cal,0,0,63,30,16,12
2024-03-26,893.58,670,Cal,0,0,83,30,17,12
2024-03-27,706.904,670,Cal,0,0,57,30,17,12
2024-03-28,856.884,670,Cal,0,0,85,30,17,12
2024-03-29,875.383,670,Cal,0,0,52,30,18,12
2024-03-30,1105.56,670,Cal,0,0,101,30,14,12
2024-03-31,798.465,670,Cal,0,0,88,30,15,12
2024-04-01,599.262,670,Cal,0,0,51,30,14,12
2024-04-02,479.356,670,Cal,0,0,9,30,16,12
2024-04-03,703.69,670,Cal,0,0,59,30,18,12
2024-04-04,911.478,670,Cal,0,0,94,30,15,12
2024-04-05,1122.87,670,Cal,0,0,91,30,17,12
2024-04-06,936.437,670,Cal,0,0,96,30,16,12
2024-04-07,1043.8,670,Cal,0,0,88,30,16,12
2024-04-08,864.686,670,Cal,0,0,79,30,14,12
2024-04-09,961.123,670,Cal,0,0,94,30,18,12
2024-04-10,915.314,670,Cal,0,0,80,30,17,12
2024-04-11,927.275,670,Cal,0,0,77,30,17,12
2024-04-12,760.088,670,Cal,0,0,68,30,16,12
2024-04-13,1375.61,670,Cal,0,0,102,30,17,12
2024-04-14,1101.96,670,Cal,0,0,127,30,16,12
2024-04-15,905.644,670,Cal,0,0,97,30,15,12
2024-04-16,956.718,670,Cal,0,0,96,30,16,12
2024-04-17,838.131,670,Cal,0,0,61,30,18,12
2024-04-18,924.774,670,Cal,0,0,96,30,17,12
2024-04-19,835.431,670,Cal,0,0,83,30,18,12
2024-04-20,957.449,670,Cal,0,0,98,30,15,12
2024-04-21,645.506,670,Cal,0,0,40,30,16,12
2024-04-22,1098.87,670,Cal,0,0,119,30,15,12
2024-04-23,843.882,670,Cal,0,0,78,30,18,12
2024-04-24,704.871,670,Cal,0,0,33,30,17,12
2024-04-25,1051.56,670,Cal,0,0,89,30,18,12
2024-04-26,765.145,670,Cal,0,0,51,30,17,12
2024-04-27,848.362,670,Cal,0,0,67,30,15,12
2024-04-28,801.084,670,Cal,0,0,82,30,15,12
2024-04-29,1149.87,670,Cal,0,0,151,30,17,12
2024-04-30,923.546,670,Cal,0,0,96,30,19,12
2024-05-01,848.348,670,Cal,0,0,46,30,17,12
2024-05-02,928.519,670,Cal,0,0,50,30,16,12
2024-05-03,775.009,670,Cal,0,0,67,30,18,12
2024-05-04,806.718,670,Cal,0,0,63,30,13,12
2024-05-05,708.925,670,Cal,0,0,53,30,15,12
2024-05-06,921.527,670,Cal,0,0,101,30,15,12
2024-05-07,903.439,670,Cal,0,0,56,30,17,12
2024-05-08,882.303,670,Cal,0,0,64,30,18,12
2024-05-09,945.33,670,Cal,0,0,85,30,15,12
2024-05-10,727.659,670,Cal,0,0,71,30,18,12
2024-05-11,1032.66,670,Cal,0,0,127,30,18,12
2024-05-12,948.683,670,Cal,0,0,77,30,15,12
2024-05-13,925.897,670,Cal,0,0,95,30,17,12
2024-05-14,843.889,670,Cal,0,0,70,30,17,12
2024-05-15,621.037,670,Cal,0,0,42,30,16,12
2024-05-16,763.671,670,Cal,0,0,89,30,15,12
2024-05-17,799.663,670,Cal,0,0,43,30,19,12
2024-05-18,1068.75,670,Cal,0,0,130,30,18,12
2024-05-19,1282.95,670,Cal,0,0,142,30,19,12
2024-05-20,761.898,670,Cal,0,0,42,30,17,12
2024-05-21,879.385,670,Cal,0,0,55,30,19,12
2024-05-22,857.666,670,Cal,0,0,52,30,18,12
2024-05-23,819.128,670,Cal,0,0,73,30,19,12
2024-05-24,971.377,670,Cal,0,0,89,30,18,12
2024-05-25,1159.46,670,Cal,0,0,127,30,17,12
2024-05-26,937.406,670,Cal,0,0,99,30,13,12
2024-05-27,662.87,670,Cal,0,0,47,30,15,12
2024-05-28,1000.22,670,Cal,0,0,94,30,20,12
2024-05-29,948.609,670,Cal,0,0,95,30,19,12
2024-05-30,778.703,670,Cal,0,0,48,30,16,12
2024-05-31,986.181,670,Cal,0,0,78,30,17,12
2024-06-01,1065.09,670,Cal,0,0,113,30,19,12
2024-06-02,1058.33,670,Cal,0,0,110,30,17,12
2024-06-03,689.883,670,Cal,0,0,38,30,16,12
2024-06-04,902.005,670,Cal,0,0,59,30,20,12
2024-06-05,772.092,670,Cal,0,0,59,30,19,12
2024-06-06,1024.32,670,Cal,0,0,101,30,19,12
2024-06-07,737.847,670,Cal,0,0,48,30,18,12
2024-06-08,922.08,670,Cal,0,0,66,30,15,12
2024-06-09,750.55,670,Cal,0,0,79,30,18,12
2024-06-10,774.66,670,Cal,0,0,33,30,18,12
2024-06-11,907.351,670,Cal,0,0,103,30,19,12
2024-06-12,1028.11,670,Cal,0,0,104,30,19,12
2024-06-13,737.2,670,Cal,0,0,32,30,19,12
2024-06-14,816.485,670,Cal,0,0,86,30,18,12
2024-06-15,882.233,670,Cal,0,0,84,30,19,12
2024-06-16,890.332,670,Cal,0,0,70,30,18,12
2024-06-17,874.471,670,Cal,0,0,83,30,19,12
2024-06-18,958.689,670,Cal,0,0,93,30,18,12
2024-06-19,733.714,670,Cal,0,0,47,30,17,12
2024-06-20,811.568,670,Cal,0,0,85,30,19,12
2024-06-21,759.188,670,Cal,0,0,70,30,17,12
2024-06-22,911.223,670,Cal,0,0,78,30,16,12
2024-06-23,804.367,670,Cal,0,0,84,30,17,12
2024-06-24,440.359,670,Cal,0,0,33,30,12,12
2024-06-25,328.403,670,Cal,0,0,25,30,12,12
2024-06-26,679.001,670,Cal,0,0,60,30,18,12
2024-06-27,304.55,670,Cal,0,0,1,30,15,12
2024-06-28,276.174,670,Cal,0,0,3,30,12,12
2024-06-29,343.228,670,Cal,0,0,19,30,14,12
2024-06-30,434.14,670,Cal,0,0,33,30,14,12
2024-07-01,822.231,670,Cal,0,0,69,30,16,12
2024-07-02,833.353,670,Cal,0,0,75,30,19,12
2024-07-03,697.009,670,Cal,0,0,42,30,17,12
2024-07-04,771.818,670,Cal,0,0,57,30,16,12
2024-07-05,871.482,670,Cal,0,0,85,30,17,12
2024-07-06,834.417,670,Cal,0,0,39,30,18,12
2024-07-07,644.235,670,Cal,0,0,46,30,16,12
2024-07-08,760.967,670,Cal,0,0,23,30,18,12
2024-07-09,827.52,670,Cal,0,0,61,30,19,12
2024-07-10,828.48,670,Cal,0,0,78,30,14,12
2024-07-11,868.643,670,Cal,0,0,58,30,19,12
2024-07-12,811.486,670,Cal,0,0,63,30,19,12
2024-07-13,750.379,670,Cal,0,0,49,30,19,12
2024-07-14,733.172,670,Cal,0,0,57,30,17,12
2024-07-15,799.085,670,Cal,0,0,106,30,20,12
2024-07-16,807.021,670,Cal,0,0,75,30,17,12
2024-07-17,731.684,670,Cal,0,0,43,30,19,12
2024-07-18,935.48,670,Cal,0,0,76,30,18,12
2024-07-19,886.535,670,Cal,0,0,80,30,18,12
2024-07-20,822.913,670,Cal,0,0,77,30,15,12
2024-07-21,711.462,670,Cal,0,0,53,30,17,12
2024-07-22,782.796,670,Cal,0,0,85,30,17,12
2024-07-23,889.343,670,Cal,0,0,72,30,18,12
2024-07-24,745.405,670,Cal,0,0,45,30,17,12
2024-07-25,882.698,670,Cal,0,0,76,30,19,12
2024-07-26,944.67,670,Cal,0,0,64,30,19,12
2024-07-27,995.416,670,Cal,0,0,101,30,17,12
2024-07-28,1059.86,670,Cal,0,0,131,30,17,12
2024-07-29,708.398,670,Cal,0,0,62,30,19,12
2024-07-30,899.973,670,Cal,0,0,80,30,16,12
2024-07-31,781.97,670,Cal,0,0,57,30,17,12
2024-08-01,703.002,670,Cal,0,0,46,30,19,12
2024-08-02,965.716,670,Cal,0,0,54,30,20,12
2024-08-03,791.505,670,Cal,0,0,73,30,16,12
2024-08-04,932.617,670,Cal,0,0,112,30,16,12
2024-08-05,842.914,670,Cal,0,0,99,30,19,12
2024-08-06,870.867,670,Cal,0,0,73,30,16,12
2024-08-07,719.076,670,Cal,0,0,46,30,18,12
2024-08-08,696.826,670,Cal,0,0,64,30,17,12
2024-08-09,814.213,670,Cal,0,0,71,30,19,12
2024-08-10,713.66,670,Cal,0,0,70,30,18,12
2024-08-11,968.281,670,Cal,0,0,128,30,17,12
2024-08-12,939.573,670,Cal,0,0,78,30,16,12
2024-08-13,737.44,670,Cal,0,0,39,30,16,12
2024-08-14,864.803,670,Cal,0,0,75,30,18,12
2024-08-15,751.637,670,Cal,0,0,49,30,18,12
2024-08-16,1073.03,670,Cal,0,0,116,30,19,12
2024-08-17,1075.42,670,Cal,0,0,82,30,18,12
2024-08-18,750.45,670,Cal,0,0,60,30,15,12
2024-08-19,813.988,670,Cal,0,0,81,30,17,12
2024-08-20,820.094,670,Cal,0,0,60,30,17,12
2024-08-21,846.925,670,Cal,0,0,53,30,20,12
2024-08-22,700.17,670,Cal,0,0,37,30,17,12
2024-08-23,825.269,670,Cal,0,0,50,30,19,12
2024-08-24,1115.54,670,Cal,0,0,121,30,18,12
2024-08-25,966.462,670,Cal,0,0,95,30,17,12
2024-08-26,692.778,670,Cal,0,0,54,30,17,12
2024-08-27,883.839,670,Cal,0,0,76,30,17,12
2024-08-28,743.895,670,Cal,0,0,36,30,14,12
2024-08-29,721.681,670,Cal,0,0,30,30,16,12
2024-08-30,783.104,670,Cal,0,0,64,30,16,12
2024-08-31,1069.06,670,Cal,0,0,92,30,17,12
2024-09-01,937.017,670,Cal,0,0,94,30,18,12
2024-09-02,799.808,670,Cal,0,0,61,30,16,12
2024-09-03,935.442,670,Cal,0,0,91,30,17,12
2024-09-04,926.212,670,Cal,0,0,88,30,19,12
2024-09-05,781.395,670,Cal,0,0,85,30,17,12
2024-09-06,902.75,670,Cal,0,0,74,30,18,12
2024-09-07,723.154,670,Cal,0,0,88,30,17,12
2024-09-08,844.615,670,Cal,0,0,45,30,16,12
2024-09-09,870.077,670,Cal,0,0,71,30,19,12
2024-09-10,1022.8,670,Cal,0,0,91,30,16,12
2024-09-11,846.478,670,Cal,0,0,76,30,19,12
2024-09-12,684.966,670,Cal,0,0,73,30,16,12
2024-09-13,943.189,670,Cal,0,0,65,30,19,12
2024-09-14,905.895,670,Cal,0,0,89,30,17,12
2024-09-15,1130.22,670,Cal,0,0,70,30,16,12
2024-09-16,826.356,670,Cal,0,0,75,30,18,12
2024-09-17,1110.29,670,Cal,0,0,82,30,16,12
2024-09-18,795.369,670,Cal,0,0,56,30,18,12
2024-09-19,806.946,670,Cal,0,0,85,30,18,12
2024-09-20,924.349,670,Cal,0,0,74,30,19,12
2024-09-21,929.181,670,Cal,0,0,102,30,17,12
2024-09-22,930.541,670,Cal,0,0,83,30,18,12
2024-09-23,888.383,670,Cal,0,0,69,30,16,12
2024-09-24,1081.56,670,Cal,0,0,110,30,18,12
2024-09-25,916.297,670,Cal,0,0,81,30,18,12
2024-09-26,823.348,670,Cal,0,0,76,30,16,12
2024-09-27,1067.43,670,Cal,0,0,98,30,18,12
2024-09-28,860.014,670,Cal,0,0,56,30,15,12
2024-09-29,950.745,670,Cal,0,0,69,30,18,12
2024-09-30,726.451,670,Cal,0,0,51,30,19,12
2024-10-01,851.255,670,Cal,0,0,70,30,18,12
2024-10-02,868.152,670,Cal,0,0,73,30,17,12
2024-10-03,737.881,670,Cal,0,0,87,30,18,12
2024-10-04,1050.45,670,Cal,0,0,101,30,18,12
2024-10-05,887.549,670,Cal,0,0,81,30,18,12
2024-10-06,963.3,670,Cal,0,0,90,30,20,12
2024-10-07,813.566,670,Cal,0,0,65,30,19,12
2024-10-08,1028.26,670,Cal,0,0,107,30,18,12
2024-10-09,897.036,670,Cal,0,0,85,30,17,12
2024-10-10,643.663,670,Cal,0,0,62,30,18,12
2024-10-11,942.059,670,Cal,0,0,78,30,16,12
2024-10-12,952.282,670,Cal,0,0,76,30,16,12
2024-10-13,722.017,670,Cal,0,0,47,30,17,12
2024-10-14,816.547,670,Cal,0,0,66,30,18,12
2024-10-15,885.489,670,Cal,0,0,96,30,17,12
2024-10-16,795.571,670,Cal,0,0,77,30,17,12
2024-10-17,586.115,670,Cal,0,0,29,30,16,12
2024-10-18,667.494,670,Cal,0,0,37,30,17,12
2024-10-19,894.605,670,Cal,0,0,60,30,15,12
2024-10-20,919.008,670,Cal,0,0,77,30,16,12
2024-10-21,842.339,670,Cal,0,0,62,30,18,12
2024-10-22,884.677,670,Cal,0,0,77,30,18,12
2024-10-23,831.177,670,Cal,0,0,70,30,18,12
2024-10-24,815.131,670,Cal,0,0,90,30,16,12
2024-10-25,1039.12,670,Cal,0,0,124,30,17,12
2024-10-26,916.774,670,Cal,0,0,66,30,13,12
2024-10-27,919.652,670,Cal,0,0,70,30,15,12
2024-10-28,775.262,670,Cal,0,0,59,30,18,12
2024-10-29,1102.75,670,Cal,0,0,110,30,17,12
2024-10-30,947.114,670,Cal,0,0,72,30,18,12
2024-10-31,816.138,670,Cal,0,0,75,30,17,12
2024-11-01,855.714,670,Cal,0,0,85,30,17,12
2024-11-02,911.121,670,Cal,0,0,65,30,15,12
2024-11-03,848.229,670,Cal,0,0,66,30,16,12
2024-11-04,846.213,670,Cal,0,0,71,30,18,12
2024-11-05,1001.56,670,Cal,0,0,100,30,16,12
2024-11-06,868.336,670,Cal,0,0,72,30,18,12
2024-11-07,655.198,670,Cal,0,0,61,30,18,12
2024-11-08,968.337,670,Cal,0,0,108,30,17,12
2024-11-09,1152.58,670,Cal,0,0,128,30,17,12
2024-11-10,967.869,670,Cal,0,0,61,30,17,12
2024-11-11,801.639,670,Cal,0,0,70,30,15,12
2024-11-12,693.721,670,Cal,0,0,51,30,18,12
2024-11-13,858.206,670,Cal,0,0,72,30,16,12
2024-11-14,690.092,670,Cal,0,0,63,30,16,12
2024-11-15,894.676,670,Cal,0,0,79,30,18,12
2024-11-16,856.679,670,Cal,0,0,42,30,15,12
2024-11-17,637.228,670,Cal,0,0,52,30,15,12
2024-11-18,796.495,670,Cal,0,0,63,30,18,12
2024-11-19,894.897,670,Cal,0,0,86,30,16,12
2024-11-20,689.276,670,Cal,0,0,56,30,17,12
2024-11-21,605.067,670,Cal,0,0,50,30,19,12
2024-11-22,950.197,670,Cal,0,0,87,30,17,12
2024-11-23,874.061,670,Cal,0,0,80,30,14,12
2024-11-24,893.971,670,Cal,0,0,66,30,16,12
2024-11-25,951.909,670,Cal,0,0,83,30,19,12
2024-11-26,1010.48,670,Cal,0,0,92,30,14,12
2024-11-27,755.711,670,Cal,0,0,65,30,18,12
2024-11-28,767.277,670,Cal,0,0,40,30,17,12
2024-11-29,786.718,670,Cal,0,0,69,30,18,12
2024-11-30,720.794,670,Cal,0,0,59,30,15,12
2024-12-01,832.427,670,Cal,0,0,98,30,16,12
2024-12-02,849.172,670,Cal,0,0,62,30,15,12
2024-12-03,768.737,670,Cal,0,0,54,30,17,12
2024-12-04,729.047,670,Cal,0,0,43,30,17,12
2024-12-05,686.872,670,Cal,0,0,54,30,18,12
2024-12-06,727.195,670,Cal,0,0,58,30,17,12
2024-12-07,745.758,670,Cal,0,0,58,30,19,12
2024-12-08,760.89,670,Cal,0,0,55,30,17,12
2024-12-09,816.118,670,Cal,0,0,58,30,20,12
2024-12-10,775.046,670,Cal,0,0,61,30,16,12
2024-12-11,951.917,670,Cal,0,0,101,30,17,12
2024-12-12,762.828,670,Cal,0,0,88,30,18,12
2024-12-13,883.805,670,Cal,0,0,83,30,17,12
2024-12-14,807.925,670,Cal,0,0,73,30,17,12
2024-12-15,646.931,670,Cal,0,0,58,30,14,12
2024-12-16,781.01,670,Cal,0,0,54,30,15,12
2024-12-17,695.615,670,Cal,0,0,49,30,19,12
2024-12-18,866.551,670,Cal,0,0,83,30,19,12
2024-12-19,835.832,670,Cal,0,0,76,30,17,12
2024-12-20,896.842,670,Cal,0,0,94,30,16,12
2024-12-21,893.496,670,Cal,0,0,112,30,18,12
2024-12-22,629.308,670,Cal,0,0,52,30,16,12
2024-12-23,906.209,670,Cal,0,0,94,30,19,12
2024-12-24,697.516,670,Cal,0,0,60,30,18,12
2024-12-25,701.817,670,Cal,0,0,52,30,16,12
2024-12-26,959.276,670,Cal,0,0,106,30,14,12
2024-12-27,982.482,670,Cal,0,0,118,30,15,12
2024-12-28,732.5,670,Cal,0,0,50,30,17,12
2024-12-29,870.406,670,Cal,0,0,115,30,15,12
2024-12-30,865.871,670,Cal,0,0,85,30,13,12
2024-12-31,841.082,670,Cal,0,0,75,30,18,12
2025-01-01,732.349,670,Cal,0,0,69,30,16,12
2025-01-02,697.342,670,Cal,0,0,77,30,17,12
2025-01-03,884.998,670,Cal,0,0,87,30,17,12
2025-01-04,730.352,670,Cal,0,0,54,30,16,12
2025-01-05,758.02,670,Cal,0,0,74,30,14,12
2025-01-06,631.973,670,Cal,0,0,35,30,15,12
2025-01-07,639.185,670,Cal,0,0,33,30,15,12
2025-01-08,883.972,670,Cal,0,0,82,30,18,12
2025-01-09,713.858,670,Cal,0,0,83,30,17,12
2025-01-10,759,670,Cal,0,0,62,30,17,12
2025-01-11,823.34,670,Cal,0,0,77,30,16,12
2025-01-12,890.627,670,Cal,0,0,104,30,18,12
2025-01-13,775.646,670,Cal,0,0,58,30,17,12
2025-01-14,875.457,670,Cal,0,0,86,30,16,12
2025-01-15,744.001,670,Cal,0,0,64,30,16,12
2025-01-16,925.691,670,Cal,0,0,116,30,16,12
2025-01-17,820.123,670,Cal,0,0,74,30,16,12
2025-01-18,870.411,670,Cal,0,0,69,30,16,12
2025-01-19,952.641,670,Cal,0,0,99,30,17,12
2025-01-20,713.65,670,Cal,0,0,67,30,15,12
2025-01-21,853.621,670,Cal,0,0,87,30,19,12
2025-01-22,787.179,670,Cal,0,0,72,30,18,12
2025-01-23,732.632,670,Cal,0,0,81,30,17,12
2025-01-24,760.977,670,Cal,0,0,61,30,16,12
2025-01-25,879.458,670,Cal,0,0,64,30,16,12
2025-01-26,818.724,670,Cal,0,0,80,30,17,12
2025-01-27,774.425,670,Cal,0,0,69,30,15,12
2025-01-28,815.536,670,Cal,0,0,69,30,18,12
2025-01-29,717.844,670,Cal,0,0,57,30,18,12
2025-01-30,655.552,670,Cal,0,0,77,30,17,12
2025-01-31,741.198,670,Cal,0,0,53,30,17,12
2025-02-01,871.821,670,Cal,0,0,92,30,17,12
2025-02-02,705.97,670,Cal,0,0,65,30,15,12
2025-02-03,836.083,670,Cal,0,0,76,30,16,12
2025-02-04,701.587,670,Cal,0,0,40,30,17,12
2025-02-05,683.516,670,Cal,0,0,57,30,18,12
2025-02-06,608.412,670,Cal,0,0,61,30,17,12
2025-02-07,913.021,670,Cal,0,0,92,30,17,12
2025-02-08,800.313,670,Cal,0,0,74,30,15,12
2025-02-09,760.439,670,Cal,0,0,69,30,16,12
2025-02-10,696.886,670,Cal,0,0,57,30,18,12
2025-02-11,709.187,670,Cal,0,0,49,30,19,12
2025-02-12,565.817,670,Cal,0,0,49,30,18,12
2025-02-13,739.35,670,Cal,0,0,67,30,18,12
2025-02-14,649.688,670,Cal,0,0,36,30,16,12
2025-02-15,793.738,670,Cal,0,0,90,30,14,12
2025-02-16,769.746,670,Cal,0,0,94,30,18,12
2025-02-17,915.155,670,Cal,0,0,97,30,18,12
2025-02-18,781.912,670,Cal,0,0,67,30,17,12
2025-02-19,918.014,670,Cal,0,0,86,30,17,12
2025-02-20,660.67,670,Cal,0,0,70,30,17,12
2025-02-21,947.187,670,Cal,0,0,104,30,19,12
2025-02-22,945.527,670,Cal,0,0,118,30,15,12
2025-02-23,922.887,670,Cal,0,0,86,30,14,12
2025-02-24,827.113,670,Cal,0,0,69,30,17,12
2025-02-25,851.278,670,Cal,0,0,97,30,17,12
2025-02-26,693.709,670,Cal,0,0,60,30,17,12
2025-02-27,669.626,670,Cal,0,0,76,30,18,12
2025-02-28,768.406,670,Cal,0,0,88,30,16,12
2025-03-01,861.975,670,Cal,0,0,113,30,16,12
2025-03-02,693.253,670,Cal,0,0,78,30,15,12
2025-03-03,788.102,670,Cal,0,0,65,30,17,12
2025-03-04,831.001,670,Cal,0,0,94,30,18,12
2025-03-05,814.565,670,Cal,0,0,89,30,19,12
2025-03-06,674.659,670,Cal,0,0,75,30,19,12
2025-03-07,889.408,670,Cal,0,0,98,30,17,12
2025-03-08,1188.26,670,Cal,0,0,117,30,18,12
2025-03-09,753.583,670,Cal,0,0,69,30,16,12
2025-03-10,720.779,670,Cal,0,0,71,30,16,12
2025-03-11,1082.87,670,Cal,0,0,138,30,17,12
2025-03-12,832.749,670,Cal,0,0,76,30,18,12
2025-03-13,1158.91,670,Cal,0,0,158,30,16,12
2025-03-14,896.169,670,Cal,0,0,65,30,16,12
2025-03-15,999.093,670,Cal,0,0,79,30,15,12
2025-03-16,984.735,670,Cal,0,0,74,30,15,12
2025-03-17,809.45,670,Cal,0,0,74,30,16,12
2025-03-18,862.89,670,Cal,0,0,96,30,18,12
2025-03-19,944.844,670,Cal,0,0,96,30,18,12
2025-03-20,787.989,670,Cal,0,0,64,30,17,12
2025-03-21,897.346,670,Cal,0,0,83,30,15,12
2025-03-22,790.045,670,Cal,0,0,65,30,16,12
2025-03-23,962.898,670,Cal,0,0,71,30,16,12
2025-03-24,787.798,670,Cal,0,0,73,30,15,12
2025-03-25,825.53,670,Cal,0,0,79,30,17,12
2025-03-26,842.18,670,Cal,0,0,85,30,17,12
2025-03-27,744.6,670,Cal,0,0,69,30,15,12
2025-03-28,970.785,670,Cal,0,0,100,30,17,12
2025-03-29,1286.68,670,Cal,0,0,165,30,14,12
2025-03-30,1008.51,670,Cal,0,0,69,30,16,12
2025-03-31,726.602,670,Cal,0,0,43,30,18,12
2025-04-01,898.94,670,Cal,0,0,92,30,16,12
2025-04-02,937.184,670,Cal,0,0,93,30,15,12
2025-04-03,687.988,670,Cal,0,0,66,30,18,12
2025-04-04,762.875,670,Cal,0,0,36,30,15,12
2025-04-05,900.998,670,Cal,0,0,45,30,15,12
2025-04-06,1206.37,670,Cal,0,0,156,30,16,12
2025-04-07,729.4,670,Cal,0,0,61,30,16,12
2025-04-08,862.301,670,Cal,0,0,88,30,18,12
2025-04-09,748.654,670,Cal,0,0,72,30,16,12
2025-04-10,785.561,670,Cal,0,0,79,30,16,12
2025-04-11,844.579,670,Cal,0,0,84,30,17,12
2025-04-12,681.241,670,Cal,0,0,66,30,15,12
2025-04-13,1054.65,670,Cal,0,0,123,30,15,12
2025-04-14,784.964,670,Cal,0,0,54,30,16,12
2025-04-15,828.507,670,Cal,0,0,89,30,19,12
2025-04-16,885.941,670,Cal,0,0,86,30,16,12
2025-04-17,835.312,670,Cal,0,0,64,30,16,12
2025-04-18,952.687,670,Cal,0,0,116,30,14,12
2025-04-19,928.521,670,Cal,0,0,83,30,16,12
2025-04-20,1234.24,670,Cal,0,0,135,30,17,12
2025-04-21,857.787,670,Cal,0,0,72,30,18,12
2025-04-22,988.528,670,Cal,0,0,77,30,18,12
2025-04-23,643.951,670,Cal,0,0,38,30,16,12
2025-04-24,791.617,670,Cal,0,0,76,30,18,12
2025-04-25,1000.95,670,Cal,0,0,89,30,18,12
2025-04-26,720.686,670,Cal,0,0,48,30,15,12
2025-04-27,1241.24,670,Cal,0,0,102,30,18,12
2025-04-28,757.396,670,Cal,0,0,55,30,18,12
2025-04-29,883.63,670,Cal,0,0,88,30,18,12
2025-04-30,994.924,670,Cal,0,0,99,30,18,12
2025-05-01,725.027,670,Cal,0,0,76,30,15,12
2025-05-02,872.086,670,Cal,0,0,68,30,18,12
2025-05-03,1100.96,670,Cal,0,0,72,30,18,12
2025-05-04,702.565,670,Cal,0,0,47,30,19,12
2025-05-05,793.071,670,Cal,0,0,66,30,18,12
2025-05-06,913.834,670,Cal,0,0,90,30,19,12
2025-05-07,851.453,670,Cal,0,0,88,30,19,12
2025-05-08,996.294,670,Cal,0,0,69,30,17,12
2025-05-09,782.458,670,Cal,0,0,72,30,21,12
2025-05-10,907.771,670,Cal,0,0,69,30,18,12
2025-05-11,971.291,670,Cal,0,0,98,30,17,12
2025-05-12,760.064,670,Cal,0,0,53,30,16,12
2025-05-13,876.386,670,Cal,0,0,84,30,18,12
2025-05-14,825.208,670,Cal,0,0,106,30,18,12
2025-05-15,1125.16,670,Cal,0,0,112,30,18,12
2025-05-16,942.285,670,Cal,0,0,71,30,18,12
2025-05-17,1142.22,670,Cal,0,0,97,30,16,12
2025-05-18,919.327,670,Cal,0,0,71,30,20,12
2025-05-19,815.872,670,Cal,0,0,58,30,20,12
2025-05-20,874.518,670,Cal,0,0,64,30,18,12
2025-05-21,783.538,670,Cal,0,0,85,30,16,12
2025-05-22,725.051,670,Cal,0,0,67,30,17,12
2025-05-23,829.338,670,Cal,0,0,46,30,17,12
2025-05-24,1035.15,670,Cal,0,0,110,30,15,12
2025-05-25,1076.86,670,Cal,0,0,120,30,17,12
2025-05-26,1007.44,670,Cal,0,0,124,30,19,12
2025-05-27,850.881,670,Cal,0,0,66,30,18,12
2025-05-28,723.979,670,Cal,0,0,63,30,18,12
2025-05-29,842.225,670,Cal,0,0,73,30,16,12
2025-05-30,894.168,670,Cal,0,0,60,30,19,12
2025-05-31,1036.47,670,Cal,0,0,100,30,19,12
2025-06-01,1093.18,670,Cal,0,0,127,30,18,12
2025-06-02,798.343,670,Cal,0,0,65,30,16,12
2025-06-03,986.298,670,Cal,0,0,95,30,18,12
2025-06-04,797.167,670,Cal,0,0,69,30,18,12
2025-06-05,1065.31,670,Cal,0,0,107,30,22,12
2025-06-06,741.075,670,Cal,0,0,62,30,20,12
2025-06-07,1022.24,670,Cal,0,0,97,30,18,12
2025-06-08,822.623,670,Cal,0,0,75,30,18,12
2025-06-09,793.214,670,Cal,0,0,66,30,17,12
2025-06-10,876.605,670,Cal,0,0,72,30,20,12
2025-06-11,909.545,670,Cal,0,0,78,30,19,12
2025-06-12,1040.11,670,Cal,0,0,89,30,17,12
2025-06-13,983.392,670,Cal,0,0,98,30,18,12
2025-06-14,1034.96,670,Cal,0,0,84,30,16,12
2025-06-15,950.678,670,Cal,0,0,101,30,17,12
2025-06-16,749.745,670,Cal,0,0,57,30,17,12
2025-06-17,847.353,670,Cal,0,0,62,30,19,12
2025-06-18,834.126,670,Cal,0,0,76,30,19,12
2025-06-19,1074.42,670,Cal,0,0,95,30,20,12
2025-06-20,745.274,670,Cal,0,0,92,30,18,12
2025-06-21,854.466,670,Cal,0,0,67,30,19,12
2025-06-22,804.262,670,Cal,0,0,65,30,16,12
2025-06-23,837.296,670,Cal,0,0,61,30,16,12
2025-06-24,916.737,670,Cal,0,0,87,30,18,12
2025-06-25,806.139,670,Cal,0,0,71,30,19,12
2025-06-26,773.075,670,Cal,0,0,60,30,18,12
2025-06-27,895.228,670,Cal,0,0,94,30,16,12
2025-06-28,784.383,670,Cal,0,0,79,30,15,12
2025-06-29,987.032,670,Cal,0,0,107,30,16,12
2025-06-30,785.375,670,Cal,0,0,59,30,20,12
2025-07-01,1010.22,670,Cal,0,0,101,30,19,12
2025-07-02,682.949,670,Cal,0,0,43,30,18,12
2025-07-03,908.891,670,Cal,0,0,107,30,19,12
2025-07-04,1007.21,670,Cal,0,0,112,30,18,12
2025-07-05,1016.04,670,Cal,0,0,94,30,15,12
2025-07-06,911.773,670,Cal,0,0,103,30,17,12
2025-07-07,739.062,670,Cal,0,0,59,30,19,12
2025-07-08,949.928,670,Cal,0,0,99,30,18,12
2025-07-09,722.286,670,Cal,0,0,57,30,20,12
2025-07-10,649.026,670,Cal,0,0,58,30,18,12
2025-07-11,1064.39,670,Cal,0,0,119,30,18,12
2025-07-12,873.189,670,Cal,0,0,68,30,16,12
2025-07-13,962.502,670,Cal,0,0,116,30,16,12
2025-07-14,736.124,670,Cal,0,0,63,30,17,12
2025-07-15,894.74,670,Cal,0,0,83,30,17,12
2025-07-16,754.133,670,Cal,0,0,56,30,20,12
2025-07-17,731.296,670,Cal,0,0,60,30,18,12
2025-07-18,871.456,670,Cal,0,0,58,30,18,12
2025-07-19,830.425,670,Cal,0,0,51,30,17,12
2025-07-20,840.675,670,Cal,0,0,89,30,16,12
2025-07-21,764.082,670,Cal,0,0,70,30,19,12
2025-07-22,963.186,670,Cal,0,0,109,30,20,12
2025-07-23,735.449,670,Cal,0,0,55,30,20,12
2025-07-24,857.19,670,Cal,0,0,75,30,19,12
2025-07-25,761.607,670,Cal,0,0,46,30,16,12
2025-07-26,853.729,670,Cal,0,0,101,30,17,12
2025-07-27,781.846,670,Cal,0,0,83,30,17,12
2025-07-28,774.564,670,Cal,0,0,62,30,17,12
2025-07-29,823.218,670,Cal,0,0,78,30,17,12
2025-07-30,731.656,670,Cal,0,0,53,30,19,12
2025-07-31,699.414,670,Cal,0,0,18,30,17,12
2025-08-01,687.831,670,Cal,0,0,78,30,15,12
2025-08-02,1194.3,670,Cal,0,0,121,30,18,12
2025-08-03,976.283,670,Cal,0,0,103,30,19,12
2025-08-04,728.641,670,Cal,0,0,57,30,16,12
2025-08-05,883.042,670,Cal,0,0,75,30,18,12
2025-08-06,762.391,670,Cal,0,0,50,30,18,12
2025-08-07,734.573,670,Cal,0,0,58,30,17,12
2025-08-08,843.185,670,Cal,0,0,98,30,15,12
2025-08-09,1047.19,670,Cal,0,0,96,30,17,12
2025-08-10,1005.74,670,Cal,0,0,129,30,17,12
2025-08-11,777.054,670,Cal,0,0,88,30,17,12
2025-08-12,703.491,670,Cal,0,0,49,30,17,12
2025-08-13,717.84,670,Cal,0,0,38,30,16,12
2025-08-14,651.723,670,Cal,0,0,40,30,18,12
2025-08-15,620.642,670,Cal,0,0,51,30,18,12
2025-08-16,701.947,670,Cal,0,0,55,30,15,12
2025-08-17,656.055,670,Cal,0,0,47,30,16,12
2025-08-18,690.91,670,Cal,0,0,67,30,15,12
2025-08-19,777.392,670,Cal,0,0,73,30,17,12
2025-08-20,862.507,670,Cal,0,0,77,30,17,12
2025-08-21,844.812,670,Cal,0,0,91,30,16,12
2025-08-22,837.815,670,Cal,0,0,43,30,19,12
2025-08-23,697.509,670,Cal,0,0,38,30,18,12
2025-08-24,733.164,670,Cal,0,0,51,30,15,12
2025-08-25,751.383,670,Cal,0,0,40,30,20,12
2025-08-26,783.43,670,Cal,0,0,80,30,17,12
2025-08-27,806.406,670,Cal,0,0,78,30,19,12
2025-08-28,754.669,670,Cal,0,0,52,30,19,12
2025-08-29,765.822,670,Cal,0,0,70,30,16,12
2025-08-30,719.174,670,Cal,0,0,51,30,15,12
2025-08-31,900.682,670,Cal,0,0,82,30,16,12
2025-09-01,961.056,670,Cal,0,0,96,30,18,12
2025-09-02,769.84,670,Cal,0,0,86,30,17,12
2025-09-03,810.826,670,Cal,0,0,88,30,18,12
2025-09-04,744.696,670,Cal,0,0,59,30,17,12
2025-09-05,763.132,670,Cal,0,0,78,30,18,12
2025-09-06,939.282,670,Cal,0,0,83,30,19,12
2025-09-07,818.505,670,Cal,0,0,81,30,18,12
2025-09-08,782.856,670,Cal,0,0,83,30,19,12
2025-09-09,911.282,670,Cal,0,0,101,30,20,12
2025-09-10,781.055,670,Cal,0,0,74,30,18,12
2025-09-11,803.162,670,Cal,0,0,80,30,16,12
2025-09-12,767.717,670,Cal,0,0,85,30,19,12
2025-09-13,870.023,670,Cal,0,0,68,30,19,12
2025-09-14,847.184,670,Cal,0,0,65,30,18,12
2025-09-15,926.138,670,Cal,0,0,78,30,19,12
2025-09-16,967.905,670,Cal,0,0,104,30,18,12
2025-09-17,702.434,670,Cal,0,0,50,30,19,12
2025-09-18,834.743,670,Cal,0,0,68,30,18,12
2025-09-19,970.757,670,Cal,0,0,92,30,20,12
2025-09-20,1045.14,670,Cal,0,0,85,30,19,12
2025-09-21,989.728,670,Cal,0,0,89,30,17,12
2025-09-22,801.008,670,Cal,0,0,69,30,20,12
2025-09-23,830.988,670,Cal,0,0,65,30,17,12
2025-09-24,970.027,670,Cal,0,0,70,30,16,12
2025-09-25,717.416,670,Cal,0,0,45,30,17,12
2025-09-26,876.884,670,Cal,0,0,82,30,19,12
2025-09-27,916.668,670,Cal,0,0,58,30,17,12
2025-09-28,1016.02,670,Cal,0,0,82,30,19,12
2025-09-29,870.344,670,Cal,0,0,56,30,17,12
2025-09-30,1101.96,670,Cal,0,0,100,30,17,12
2025-10-01,872.069,670,Cal,0,0,79,30,17,12
2025-10-02,624.513,670,Cal,0,0,58,30,19,12
2025-10-03,868.04,670,Cal,0,0,77,30,18,12
2025-10-04,986.117,670,Cal,0,0,90,30,17,12
2025-10-05,775.903,670,Cal,0,0,58,30,17,12
2025-10-06,756.485,670,Cal,0,0,55,30,17,12
2025-10-07,931.546,670,Cal,0,0,73,30,18,12
2025-10-08,785.07,670,Cal,0,0,56,30,18,12
2025-10-09,670.979,670,Cal,0,0,62,30,18,12
2025-10-10,829.468,670,Cal,0,0,78,30,17,12
2025-10-11,536.565,670,Cal,0,0,38,30,16,12
2025-10-12,723.009,670,Cal,0,0,65,30,18,12
2025-10-13,581.218,670,Cal,0,0,50,30,14,12
2025-10-14,808.357,670,Cal,0,0,67,30,17,12
2025-10-15,744.995,670,Cal,0,0,56,30,18,12
2025-10-16,655.759,670,Cal,0,0,58,30,15,12
2025-10-17,885.786,670,Cal,0,0,91,30,15,12
2025-10-18,689.573,670,Cal,0,0,51,30,15,12
2025-10-19,973.131,670,Cal,0,0,98,30,18,12
2025-10-20,733.792,670,Cal,0,0,64,30,19,12
2025-10-21,899.813,670,Cal,0,0,90,30,18,12
2025-10-22,851.659,670,Cal,0,0,81,30,18,12
2025-10-23,724.208,670,Cal,0,0,81,30,17,12
2025-10-24,463.68,670,Cal,0,0,35,30,10,12
